"DIVISÃO DO FABRICANTE";"SERVERIDADE DO FABRICANTE";"CATEGORIA DO FABRICANTE";"NOME DO EVENTO";"THRESHOLD";"IMPACTO";"AÇÃO RECOMENDADA";"ZABBIX TRIGGER";"FAMÍLIA DO EQUIPAMENTO";"AUTENTICAÇÃO INICIAL/RENOVAÇÃO";"POLÍTICA DE REDIRECIONAMENTO";"COMANDO CURL POSSÍVEL";"OBSERVAÇÕES PARA USO"
"Hardware";"Critical";"Cluster";"Cluster Down";">5m";"Outage";"Failover/repair";"last(/host/controller.status)=0";"Unity XT";"curl -sS --fail --connect-timeout 10 --max-time 30 --cacert ""$CA"" -u ""$USER:$PASS"" -H ""X-EMC-REST-CLIENT: true"" -H ""Accept: application/json"" -c ""$UNITY_COOKIE_FILE"" -D ""$UNITY_HEADERS_FILE"" ""https://$HOST/api/types/loginSessionInfo/instances""";"GET no mesmo host/porta: após validar o destino, usar --location --max-redirs 3 --proto-redir '=https'. Se Location mudar host ou porta, validar allowlist e certificado antes de repetir. Nunca usar --location-trusted.";"curl -sS --fail --connect-timeout 10 --max-time 30 --cacert ""$CA"" -b ""$UNITY_COOKIE_FILE"" -c ""$UNITY_COOKIE_FILE"" -H ""X-EMC-REST-CLIENT: true"" -H ""Accept: application/json"" ""https://$HOST/api/types/basicSystemInfo/instances""";"Autenticar ao iniciar e renovar somente após expiração/HTTP 401 ou erro de sessão. Reutilizar $UNITY_COOKIE_FILE; não usar Basic nos GETs. HTTP 403 também pode ser falta de permissão. Pode ser usado como disponibilidade básica; validar também health do system no /apidocs."
"Hardware";"Degraded (cluster)";"Controller";"Controller Down";">5m";"Outage";"Failover/repair";"last(/host/controller.status)=0";"Unity XT";"curl -sS --fail --connect-timeout 10 --max-time 30 --cacert ""$CA"" -u ""$USER:$PASS"" -H ""X-EMC-REST-CLIENT: true"" -H ""Accept: application/json"" -c ""$UNITY_COOKIE_FILE"" -D ""$UNITY_HEADERS_FILE"" ""https://$HOST/api/types/loginSessionInfo/instances""";"GET no mesmo host/porta: após validar o destino, usar --location --max-redirs 3 --proto-redir '=https'. Se Location mudar host ou porta, validar allowlist e certificado antes de repetir. Nunca usar --location-trusted.";"curl -sS --fail --connect-timeout 10 --max-time 30 --cacert ""$CA"" -b ""$UNITY_COOKIE_FILE"" -c ""$UNITY_COOKIE_FILE"" -H ""X-EMC-REST-CLIENT: true"" -H ""Accept: application/json"" ""https://$HOST/api/types/storageProcessor/instances""";"Autenticar ao iniciar e renovar somente após expiração/HTTP 401 ou erro de sessão. Reutilizar $UNITY_COOKIE_FILE; não usar Basic nos GETs. HTTP 403 também pode ser falta de permissão. Validar resource type e fields no /apidocs do Unity OE instalado."
"Hardware";"Critical";"Disk";"Multiple Disk Failure";"1 failed";"Data risk";"Replace disk";"last(/host/disks.failed)>1";"Unity XT";"curl -sS --fail --connect-timeout 10 --max-time 30 --cacert ""$CA"" -u ""$USER:$PASS"" -H ""X-EMC-REST-CLIENT: true"" -H ""Accept: application/json"" -c ""$UNITY_COOKIE_FILE"" -D ""$UNITY_HEADERS_FILE"" ""https://$HOST/api/types/loginSessionInfo/instances""";"GET no mesmo host/porta: após validar o destino, usar --location --max-redirs 3 --proto-redir '=https'. Se Location mudar host ou porta, validar allowlist e certificado antes de repetir. Nunca usar --location-trusted.";"curl -sS --fail --connect-timeout 10 --max-time 30 --cacert ""$CA"" -b ""$UNITY_COOKIE_FILE"" -c ""$UNITY_COOKIE_FILE"" -H ""X-EMC-REST-CLIENT: true"" -H ""Accept: application/json"" ""https://$HOST/api/types/disk/instances""";"Autenticar ao iniciar e renovar somente após expiração/HTTP 401 ou erro de sessão. Reutilizar $UNITY_COOKIE_FILE; não usar Basic nos GETs. HTTP 403 também pode ser falta de permissão. Validar resource type e fields no /apidocs do Unity OE instalado."
"Hardware";"Critical";"PSU";"Power Supply Failure";"Any";"Redundancy loss";"Replace PSU";"last(/host/psu.status)=0";"Unity XT";"curl -sS --fail --connect-timeout 10 --max-time 30 --cacert ""$CA"" -u ""$USER:$PASS"" -H ""X-EMC-REST-CLIENT: true"" -H ""Accept: application/json"" -c ""$UNITY_COOKIE_FILE"" -D ""$UNITY_HEADERS_FILE"" ""https://$HOST/api/types/loginSessionInfo/instances""";"GET no mesmo host/porta: após validar o destino, usar --location --max-redirs 3 --proto-redir '=https'. Se Location mudar host ou porta, validar allowlist e certificado antes de repetir. Nunca usar --location-trusted.";"curl -sS --fail --connect-timeout 10 --max-time 30 --cacert ""$CA"" -b ""$UNITY_COOKIE_FILE"" -c ""$UNITY_COOKIE_FILE"" -H ""X-EMC-REST-CLIENT: true"" -H ""Accept: application/json"" ""https://$HOST/api/types/powerSupply/instances""";"Autenticar ao iniciar e renovar somente após expiração/HTTP 401 ou erro de sessão. Reutilizar $UNITY_COOKIE_FILE; não usar Basic nos GETs. HTTP 403 também pode ser falta de permissão. Validar resource type e fields no /apidocs do Unity OE instalado."
"Hardware";"Degraded";"Fan";"Fan Failure";"Any";"Cooling reduced";"Replace fan";"last(/host/fan.status)=0";"Unity XT";"curl -sS --fail --connect-timeout 10 --max-time 30 --cacert ""$CA"" -u ""$USER:$PASS"" -H ""X-EMC-REST-CLIENT: true"" -H ""Accept: application/json"" -c ""$UNITY_COOKIE_FILE"" -D ""$UNITY_HEADERS_FILE"" ""https://$HOST/api/types/loginSessionInfo/instances""";"GET no mesmo host/porta: após validar o destino, usar --location --max-redirs 3 --proto-redir '=https'. Se Location mudar host ou porta, validar allowlist e certificado antes de repetir. Nunca usar --location-trusted.";"curl -sS --fail --connect-timeout 10 --max-time 30 --cacert ""$CA"" -b ""$UNITY_COOKIE_FILE"" -c ""$UNITY_COOKIE_FILE"" -H ""X-EMC-REST-CLIENT: true"" -H ""Accept: application/json"" ""https://$HOST/api/types/fan/instances""";"Autenticar ao iniciar e renovar somente após expiração/HTTP 401 ou erro de sessão. Reutilizar $UNITY_COOKIE_FILE; não usar Basic nos GETs. HTTP 403 também pode ser falta de permissão. Validar resource type e fields no /apidocs do Unity OE instalado. Se fan não estiver exposto, usar alert/DAE/DPE aplicável."
"Hardware";"Major";"Temperature";"High Temp";">40C";"Stress";"Check cooling";"avg(/host/temp,10m)>40";"Unity XT";"curl -sS --fail --connect-timeout 10 --max-time 30 --cacert ""$CA"" -u ""$USER:$PASS"" -H ""X-EMC-REST-CLIENT: true"" -H ""Accept: application/json"" -c ""$UNITY_COOKIE_FILE"" -D ""$UNITY_HEADERS_FILE"" ""https://$HOST/api/types/loginSessionInfo/instances""";"GET no mesmo host/porta: após validar o destino, usar --location --max-redirs 3 --proto-redir '=https'. Se Location mudar host ou porta, validar allowlist e certificado antes de repetir. Nunca usar --location-trusted.";"curl -sS --fail --connect-timeout 10 --max-time 30 --cacert ""$CA"" -b ""$UNITY_COOKIE_FILE"" -c ""$UNITY_COOKIE_FILE"" -H ""X-EMC-REST-CLIENT: true"" -H ""Accept: application/json"" ""https://$HOST/api/types/alert/instances""";"Autenticar ao iniciar e renovar somente após expiração/HTTP 401 ou erro de sessão. Reutilizar $UNITY_COOKIE_FILE; não usar Basic nos GETs. HTTP 403 também pode ser falta de permissão. Filtrar alertas de temperatura; validar se a versão expõe sensor físico dedicado."
"Performance";"Major";"Latency";"SMB latency";">20 ms";"Slow apps";"Tune workload";"avg(/host/latency,15m)>15";"Unity XT";"curl -sS --fail --connect-timeout 10 --max-time 30 --cacert ""$CA"" -u ""$USER:$PASS"" -H ""X-EMC-REST-CLIENT: true"" -H ""Accept: application/json"" -c ""$UNITY_COOKIE_FILE"" -D ""$UNITY_HEADERS_FILE"" ""https://$HOST/api/types/loginSessionInfo/instances""";"GET no mesmo host/porta: após validar o destino, usar --location --max-redirs 3 --proto-redir '=https'. Se Location mudar host ou porta, validar allowlist e certificado antes de repetir. Nunca usar --location-trusted.";"curl -sS --fail --connect-timeout 10 --max-time 30 --cacert ""$CA"" -b ""$UNITY_COOKIE_FILE"" -c ""$UNITY_COOKIE_FILE"" -H ""X-EMC-REST-CLIENT: true"" -H ""Accept: application/json"" ""https://$HOST/api/types/metric/instances?fields=path,name,description""";"Autenticar ao iniciar e renovar somente após expiração/HTTP 401 ou erro de sessão. Reutilizar $UNITY_COOKIE_FILE; não usar Basic nos GETs. HTTP 403 também pode ser falta de permissão. Este GET descobre o catálogo. Selecionar o metric path e validar a consulta de valores via metricRealTimeQuery/metricValue no /apidocs."
"Performance";"Major";"Latency";"NFS latency";">20 ms";"Slow apps";"Tune workload";"avg(/host/latency,15m)>15";"Unity XT";"curl -sS --fail --connect-timeout 10 --max-time 30 --cacert ""$CA"" -u ""$USER:$PASS"" -H ""X-EMC-REST-CLIENT: true"" -H ""Accept: application/json"" -c ""$UNITY_COOKIE_FILE"" -D ""$UNITY_HEADERS_FILE"" ""https://$HOST/api/types/loginSessionInfo/instances""";"GET no mesmo host/porta: após validar o destino, usar --location --max-redirs 3 --proto-redir '=https'. Se Location mudar host ou porta, validar allowlist e certificado antes de repetir. Nunca usar --location-trusted.";"curl -sS --fail --connect-timeout 10 --max-time 30 --cacert ""$CA"" -b ""$UNITY_COOKIE_FILE"" -c ""$UNITY_COOKIE_FILE"" -H ""X-EMC-REST-CLIENT: true"" -H ""Accept: application/json"" ""https://$HOST/api/types/metric/instances?fields=path,name,description""";"Autenticar ao iniciar e renovar somente após expiração/HTTP 401 ou erro de sessão. Reutilizar $UNITY_COOKIE_FILE; não usar Basic nos GETs. HTTP 403 também pode ser falta de permissão. Este GET descobre o catálogo. Selecionar o metric path e validar a consulta de valores via metricRealTimeQuery/metricValue no /apidocs."
"Performance";"Major";"Latency";"NFS retransmissions";">1% of calls";"Slow apps";"Tune workload";"avg(/host/latency,15m)>15";"Unity XT";"curl -sS --fail --connect-timeout 10 --max-time 30 --cacert ""$CA"" -u ""$USER:$PASS"" -H ""X-EMC-REST-CLIENT: true"" -H ""Accept: application/json"" -c ""$UNITY_COOKIE_FILE"" -D ""$UNITY_HEADERS_FILE"" ""https://$HOST/api/types/loginSessionInfo/instances""";"GET no mesmo host/porta: após validar o destino, usar --location --max-redirs 3 --proto-redir '=https'. Se Location mudar host ou porta, validar allowlist e certificado antes de repetir. Nunca usar --location-trusted.";"curl -sS --fail --connect-timeout 10 --max-time 30 --cacert ""$CA"" -b ""$UNITY_COOKIE_FILE"" -c ""$UNITY_COOKIE_FILE"" -H ""X-EMC-REST-CLIENT: true"" -H ""Accept: application/json"" ""https://$HOST/api/types/metric/instances?fields=path,name,description""";"Autenticar ao iniciar e renovar somente após expiração/HTTP 401 ou erro de sessão. Reutilizar $UNITY_COOKIE_FILE; não usar Basic nos GETs. HTTP 403 também pode ser falta de permissão. Este GET descobre o catálogo. Selecionar o metric path e validar a consulta de valores via metricRealTimeQuery/metricValue no /apidocs. Se não houver métrica no array, coletar no cliente NFS."
"Performance";"Major";"Latency";"CPU utilization";">80%";"Slow apps";"Tune workload";"avg(/host/cpu,15m)>80";"Unity XT";"curl -sS --fail --connect-timeout 10 --max-time 30 --cacert ""$CA"" -u ""$USER:$PASS"" -H ""X-EMC-REST-CLIENT: true"" -H ""Accept: application/json"" -c ""$UNITY_COOKIE_FILE"" -D ""$UNITY_HEADERS_FILE"" ""https://$HOST/api/types/loginSessionInfo/instances""";"GET no mesmo host/porta: após validar o destino, usar --location --max-redirs 3 --proto-redir '=https'. Se Location mudar host ou porta, validar allowlist e certificado antes de repetir. Nunca usar --location-trusted.";"curl -sS --fail --connect-timeout 10 --max-time 30 --cacert ""$CA"" -b ""$UNITY_COOKIE_FILE"" -c ""$UNITY_COOKIE_FILE"" -H ""X-EMC-REST-CLIENT: true"" -H ""Accept: application/json"" ""https://$HOST/api/types/metric/instances?fields=path,name,description""";"Autenticar ao iniciar e renovar somente após expiração/HTTP 401 ou erro de sessão. Reutilizar $UNITY_COOKIE_FILE; não usar Basic nos GETs. HTTP 403 também pode ser falta de permissão. Este GET descobre o catálogo. Selecionar o metric path e validar a consulta de valores via metricRealTimeQuery/metricValue no /apidocs."
"Performance";"Major";"Latency";"Storage utilization";">85%";"Slow apps";"Tune workload";"avg(/host/latency,15m)>15";"Unity XT";"curl -sS --fail --connect-timeout 10 --max-time 30 --cacert ""$CA"" -u ""$USER:$PASS"" -H ""X-EMC-REST-CLIENT: true"" -H ""Accept: application/json"" -c ""$UNITY_COOKIE_FILE"" -D ""$UNITY_HEADERS_FILE"" ""https://$HOST/api/types/loginSessionInfo/instances""";"GET no mesmo host/porta: após validar o destino, usar --location --max-redirs 3 --proto-redir '=https'. Se Location mudar host ou porta, validar allowlist e certificado antes de repetir. Nunca usar --location-trusted.";"curl -sS --fail --connect-timeout 10 --max-time 30 --cacert ""$CA"" -b ""$UNITY_COOKIE_FILE"" -c ""$UNITY_COOKIE_FILE"" -H ""X-EMC-REST-CLIENT: true"" -H ""Accept: application/json"" ""https://$HOST/api/types/metric/instances?fields=path,name,description""";"Autenticar ao iniciar e renovar somente após expiração/HTTP 401 ou erro de sessão. Reutilizar $UNITY_COOKIE_FILE; não usar Basic nos GETs. HTTP 403 também pode ser falta de permissão. Este GET descobre o catálogo. Selecionar o metric path e validar a consulta de valores via metricRealTimeQuery/metricValue no /apidocs."
"Performance";"Major";"Latency";"Network utilization";">80% link capacity";"Slow apps";"Tune workload";"avg(/host/latency,15m)>15";"Unity XT";"curl -sS --fail --connect-timeout 10 --max-time 30 --cacert ""$CA"" -u ""$USER:$PASS"" -H ""X-EMC-REST-CLIENT: true"" -H ""Accept: application/json"" -c ""$UNITY_COOKIE_FILE"" -D ""$UNITY_HEADERS_FILE"" ""https://$HOST/api/types/loginSessionInfo/instances""";"GET no mesmo host/porta: após validar o destino, usar --location --max-redirs 3 --proto-redir '=https'. Se Location mudar host ou porta, validar allowlist e certificado antes de repetir. Nunca usar --location-trusted.";"curl -sS --fail --connect-timeout 10 --max-time 30 --cacert ""$CA"" -b ""$UNITY_COOKIE_FILE"" -c ""$UNITY_COOKIE_FILE"" -H ""X-EMC-REST-CLIENT: true"" -H ""Accept: application/json"" ""https://$HOST/api/types/metric/instances?fields=path,name,description""";"Autenticar ao iniciar e renovar somente após expiração/HTTP 401 ou erro de sessão. Reutilizar $UNITY_COOKIE_FILE; não usar Basic nos GETs. HTTP 403 também pode ser falta de permissão. Este GET descobre o catálogo. Selecionar o metric path e validar a consulta de valores via metricRealTimeQuery/metricValue no /apidocs."
"Performance";"Major";"Latency";"Packet loss";">0.1%";"Slow apps";"Tune workload";"avg(/host/latency,15m)>15";"Unity XT";"curl -sS --fail --connect-timeout 10 --max-time 30 --cacert ""$CA"" -u ""$USER:$PASS"" -H ""X-EMC-REST-CLIENT: true"" -H ""Accept: application/json"" -c ""$UNITY_COOKIE_FILE"" -D ""$UNITY_HEADERS_FILE"" ""https://$HOST/api/types/loginSessionInfo/instances""";"GET no mesmo host/porta: após validar o destino, usar --location --max-redirs 3 --proto-redir '=https'. Se Location mudar host ou porta, validar allowlist e certificado antes de repetir. Nunca usar --location-trusted.";"curl -sS --fail --connect-timeout 10 --max-time 30 --cacert ""$CA"" -b ""$UNITY_COOKIE_FILE"" -c ""$UNITY_COOKIE_FILE"" -H ""X-EMC-REST-CLIENT: true"" -H ""Accept: application/json"" ""https://$HOST/api/types/metric/instances?fields=path,name,description""";"Autenticar ao iniciar e renovar somente após expiração/HTTP 401 ou erro de sessão. Reutilizar $UNITY_COOKIE_FILE; não usar Basic nos GETs. HTTP 403 também pode ser falta de permissão. Este GET descobre o catálogo. Selecionar o metric path e validar a consulta de valores via metricRealTimeQuery/metricValue no /apidocs. Procurar erros/descartes e calcular a taxa com o total de pacotes."
"Capacity";"Critical";"CPU";"Controller CPU";">95%";"Service impact";"Investigate";"avg(/host/cpu,15m)>95";"Unity XT";"curl -sS --fail --connect-timeout 10 --max-time 30 --cacert ""$CA"" -u ""$USER:$PASS"" -H ""X-EMC-REST-CLIENT: true"" -H ""Accept: application/json"" -c ""$UNITY_COOKIE_FILE"" -D ""$UNITY_HEADERS_FILE"" ""https://$HOST/api/types/loginSessionInfo/instances""";"GET no mesmo host/porta: após validar o destino, usar --location --max-redirs 3 --proto-redir '=https'. Se Location mudar host ou porta, validar allowlist e certificado antes de repetir. Nunca usar --location-trusted.";"curl -sS --fail --connect-timeout 10 --max-time 30 --cacert ""$CA"" -b ""$UNITY_COOKIE_FILE"" -c ""$UNITY_COOKIE_FILE"" -H ""X-EMC-REST-CLIENT: true"" -H ""Accept: application/json"" ""https://$HOST/api/types/metric/instances?fields=path,name,description""";"Autenticar ao iniciar e renovar somente após expiração/HTTP 401 ou erro de sessão. Reutilizar $UNITY_COOKIE_FILE; não usar Basic nos GETs. HTTP 403 também pode ser falta de permissão. Este GET descobre o catálogo. Selecionar o metric path e validar a consulta de valores via metricRealTimeQuery/metricValue no /apidocs. Escolher o path de CPU por Storage Processor."
"Capacity";"Major";"Volume";"Volume Usage";">80%";"Growth risk";"Plan capacity";"last(/host/volume.used)>80";"Unity XT";"curl -sS --fail --connect-timeout 10 --max-time 30 --cacert ""$CA"" -u ""$USER:$PASS"" -H ""X-EMC-REST-CLIENT: true"" -H ""Accept: application/json"" -c ""$UNITY_COOKIE_FILE"" -D ""$UNITY_HEADERS_FILE"" ""https://$HOST/api/types/loginSessionInfo/instances""";"GET no mesmo host/porta: após validar o destino, usar --location --max-redirs 3 --proto-redir '=https'. Se Location mudar host ou porta, validar allowlist e certificado antes de repetir. Nunca usar --location-trusted.";"curl -sS --fail --connect-timeout 10 --max-time 30 --cacert ""$CA"" -b ""$UNITY_COOKIE_FILE"" -c ""$UNITY_COOKIE_FILE"" -H ""X-EMC-REST-CLIENT: true"" -H ""Accept: application/json"" ""https://$HOST/api/types/lun/instances?fields=id,name,sizeTotal,sizeAllocated,health""";"Autenticar ao iniciar e renovar somente após expiração/HTTP 401 ou erro de sessão. Reutilizar $UNITY_COOKIE_FILE; não usar Basic nos GETs. HTTP 403 também pode ser falta de permissão. Para file storage, repetir a validação usando o resource type filesystem."
"Capacity";"Major";"Pool";"Pool Usage";">90%";"Capacity risk";"Expand pool";"last(/host/pool.used)>90";"Unity XT";"curl -sS --fail --connect-timeout 10 --max-time 30 --cacert ""$CA"" -u ""$USER:$PASS"" -H ""X-EMC-REST-CLIENT: true"" -H ""Accept: application/json"" -c ""$UNITY_COOKIE_FILE"" -D ""$UNITY_HEADERS_FILE"" ""https://$HOST/api/types/loginSessionInfo/instances""";"GET no mesmo host/porta: após validar o destino, usar --location --max-redirs 3 --proto-redir '=https'. Se Location mudar host ou porta, validar allowlist e certificado antes de repetir. Nunca usar --location-trusted.";"curl -sS --fail --connect-timeout 10 --max-time 30 --cacert ""$CA"" -b ""$UNITY_COOKIE_FILE"" -c ""$UNITY_COOKIE_FILE"" -H ""X-EMC-REST-CLIENT: true"" -H ""Accept: application/json"" ""https://$HOST/api/types/pool/instances?fields=id,name,sizeTotal,sizeFree,health""";"Autenticar ao iniciar e renovar somente após expiração/HTTP 401 ou erro de sessão. Reutilizar $UNITY_COOKIE_FILE; não usar Basic nos GETs. HTTP 403 também pode ser falta de permissão. Validar resource type e fields no /apidocs do Unity OE instalado."
"Capacity";"Critical";"Pool";"Pool Full";">95%";"Service impact";"Emergency expansion";"last(/host/pool.used)>95";"Unity XT";"curl -sS --fail --connect-timeout 10 --max-time 30 --cacert ""$CA"" -u ""$USER:$PASS"" -H ""X-EMC-REST-CLIENT: true"" -H ""Accept: application/json"" -c ""$UNITY_COOKIE_FILE"" -D ""$UNITY_HEADERS_FILE"" ""https://$HOST/api/types/loginSessionInfo/instances""";"GET no mesmo host/porta: após validar o destino, usar --location --max-redirs 3 --proto-redir '=https'. Se Location mudar host ou porta, validar allowlist e certificado antes de repetir. Nunca usar --location-trusted.";"curl -sS --fail --connect-timeout 10 --max-time 30 --cacert ""$CA"" -b ""$UNITY_COOKIE_FILE"" -c ""$UNITY_COOKIE_FILE"" -H ""X-EMC-REST-CLIENT: true"" -H ""Accept: application/json"" ""https://$HOST/api/types/pool/instances?fields=id,name,sizeTotal,sizeFree,health""";"Autenticar ao iniciar e renovar somente após expiração/HTTP 401 ou erro de sessão. Reutilizar $UNITY_COOKIE_FILE; não usar Basic nos GETs. HTTP 403 também pode ser falta de permissão. Calcular usado = total - livre e confirmar se thin provisioning altera a interpretação."
"Replication";"Critical";"DR";"Replication Failed";">15m";"DR unavailable";"Restore";"last(/host/repl.status)=0";"Unity XT";"curl -sS --fail --connect-timeout 10 --max-time 30 --cacert ""$CA"" -u ""$USER:$PASS"" -H ""X-EMC-REST-CLIENT: true"" -H ""Accept: application/json"" -c ""$UNITY_COOKIE_FILE"" -D ""$UNITY_HEADERS_FILE"" ""https://$HOST/api/types/loginSessionInfo/instances""";"GET no mesmo host/porta: após validar o destino, usar --location --max-redirs 3 --proto-redir '=https'. Se Location mudar host ou porta, validar allowlist e certificado antes de repetir. Nunca usar --location-trusted.";"curl -sS --fail --connect-timeout 10 --max-time 30 --cacert ""$CA"" -b ""$UNITY_COOKIE_FILE"" -c ""$UNITY_COOKIE_FILE"" -H ""X-EMC-REST-CLIENT: true"" -H ""Accept: application/json"" ""https://$HOST/api/types/replicationSession/instances""";"Autenticar ao iniciar e renovar somente após expiração/HTTP 401 ou erro de sessão. Reutilizar $UNITY_COOKIE_FILE; não usar Basic nos GETs. HTTP 403 também pode ser falta de permissão. Validar resource type e fields no /apidocs do Unity OE instalado."
"Replication";"Major";"Lag";"Replication Lag";">1h";"Recovery risk";"Investigate";"last(/host/repl.lag)>3600";"Unity XT";"curl -sS --fail --connect-timeout 10 --max-time 30 --cacert ""$CA"" -u ""$USER:$PASS"" -H ""X-EMC-REST-CLIENT: true"" -H ""Accept: application/json"" -c ""$UNITY_COOKIE_FILE"" -D ""$UNITY_HEADERS_FILE"" ""https://$HOST/api/types/loginSessionInfo/instances""";"GET no mesmo host/porta: após validar o destino, usar --location --max-redirs 3 --proto-redir '=https'. Se Location mudar host ou porta, validar allowlist e certificado antes de repetir. Nunca usar --location-trusted.";"curl -sS --fail --connect-timeout 10 --max-time 30 --cacert ""$CA"" -b ""$UNITY_COOKIE_FILE"" -c ""$UNITY_COOKIE_FILE"" -H ""X-EMC-REST-CLIENT: true"" -H ""Accept: application/json"" ""https://$HOST/api/types/replicationSession/instances""";"Autenticar ao iniciar e renovar somente após expiração/HTTP 401 ou erro de sessão. Reutilizar $UNITY_COOKIE_FILE; não usar Basic nos GETs. HTTP 403 também pode ser falta de permissão. Validar timestamps/RPO disponíveis na sessão; não inferir lag somente do health."
"Protocols";"Degraded";"NFS";"NFS Service";"down";"Access impact";"Restart service";"last(/host/nfs.status)=0";"Unity XT";"curl -sS --fail --connect-timeout 10 --max-time 30 --cacert ""$CA"" -u ""$USER:$PASS"" -H ""X-EMC-REST-CLIENT: true"" -H ""Accept: application/json"" -c ""$UNITY_COOKIE_FILE"" -D ""$UNITY_HEADERS_FILE"" ""https://$HOST/api/types/loginSessionInfo/instances""";"GET no mesmo host/porta: após validar o destino, usar --location --max-redirs 3 --proto-redir '=https'. Se Location mudar host ou porta, validar allowlist e certificado antes de repetir. Nunca usar --location-trusted.";"curl -sS --fail --connect-timeout 10 --max-time 30 --cacert ""$CA"" -b ""$UNITY_COOKIE_FILE"" -c ""$UNITY_COOKIE_FILE"" -H ""X-EMC-REST-CLIENT: true"" -H ""Accept: application/json"" ""https://$HOST/api/types/nfsServer/instances""";"Autenticar ao iniciar e renovar somente após expiração/HTTP 401 ou erro de sessão. Reutilizar $UNITY_COOKIE_FILE; não usar Basic nos GETs. HTTP 403 também pode ser falta de permissão. Validar resource type e fields no /apidocs do Unity OE instalado."
"Protocols";"Degraded";"SMB";"SMB Service";"down";"Access impact";"Restart service";"last(/host/smb.status)=0";"Unity XT";"curl -sS --fail --connect-timeout 10 --max-time 30 --cacert ""$CA"" -u ""$USER:$PASS"" -H ""X-EMC-REST-CLIENT: true"" -H ""Accept: application/json"" -c ""$UNITY_COOKIE_FILE"" -D ""$UNITY_HEADERS_FILE"" ""https://$HOST/api/types/loginSessionInfo/instances""";"GET no mesmo host/porta: após validar o destino, usar --location --max-redirs 3 --proto-redir '=https'. Se Location mudar host ou porta, validar allowlist e certificado antes de repetir. Nunca usar --location-trusted.";"curl -sS --fail --connect-timeout 10 --max-time 30 --cacert ""$CA"" -b ""$UNITY_COOKIE_FILE"" -c ""$UNITY_COOKIE_FILE"" -H ""X-EMC-REST-CLIENT: true"" -H ""Accept: application/json"" ""https://$HOST/api/types/cifsServer/instances""";"Autenticar ao iniciar e renovar somente após expiração/HTTP 401 ou erro de sessão. Reutilizar $UNITY_COOKIE_FILE; não usar Basic nos GETs. HTTP 403 também pode ser falta de permissão. Validar resource type e fields no /apidocs do Unity OE instalado."
"Security";"Critical";"Audit";"Audit Disabled";"Any";"Compliance risk";"Enable audit";"last(/host/audit.enabled)=0";"Unity XT";"curl -sS --fail --connect-timeout 10 --max-time 30 --cacert ""$CA"" -u ""$USER:$PASS"" -H ""X-EMC-REST-CLIENT: true"" -H ""Accept: application/json"" -c ""$UNITY_COOKIE_FILE"" -D ""$UNITY_HEADERS_FILE"" ""https://$HOST/api/types/loginSessionInfo/instances""";"GET no mesmo host/porta: após validar o destino, usar --location --max-redirs 3 --proto-redir '=https'. Se Location mudar host ou porta, validar allowlist e certificado antes de repetir. Nunca usar --location-trusted.";"curl -sS --fail --connect-timeout 10 --max-time 30 --cacert ""$CA"" -b ""$UNITY_COOKIE_FILE"" -c ""$UNITY_COOKIE_FILE"" -H ""X-EMC-REST-CLIENT: true"" -H ""Accept: application/json"" ""https://$HOST/api/types/alert/instances""";"Autenticar ao iniciar e renovar somente após expiração/HTTP 401 ou erro de sessão. Reutilizar $UNITY_COOKIE_FILE; não usar Basic nos GETs. HTTP 403 também pode ser falta de permissão. A configuração de auditoria pode não estar exposta por GET nesta versão; validar /apidocs e syslog."
"Security";"Critical";"Admin";"Unauthorized Admin";"Any";"Security breach";"Investigate";"change(/host/admin.count)>0";"Unity XT";"curl -sS --fail --connect-timeout 10 --max-time 30 --cacert ""$CA"" -u ""$USER:$PASS"" -H ""X-EMC-REST-CLIENT: true"" -H ""Accept: application/json"" -c ""$UNITY_COOKIE_FILE"" -D ""$UNITY_HEADERS_FILE"" ""https://$HOST/api/types/loginSessionInfo/instances""";"GET no mesmo host/porta: após validar o destino, usar --location --max-redirs 3 --proto-redir '=https'. Se Location mudar host ou porta, validar allowlist e certificado antes de repetir. Nunca usar --location-trusted.";"curl -sS --fail --connect-timeout 10 --max-time 30 --cacert ""$CA"" -b ""$UNITY_COOKIE_FILE"" -c ""$UNITY_COOKIE_FILE"" -H ""X-EMC-REST-CLIENT: true"" -H ""Accept: application/json"" ""https://$HOST/api/types/user/instances?fields=id,name,role""";"Autenticar ao iniciar e renovar somente após expiração/HTTP 401 ou erro de sessão. Reutilizar $UNITY_COOKIE_FILE; não usar Basic nos GETs. HTTP 403 também pode ser falta de permissão. Este GET mostra inventário de contas, não prova acesso não autorizado; usar auditoria/SIEM para o evento."
"Security";"Critical";"Certificate";"Certificate Expiring";"<30d";"Security risk";"Renew";"last(/host/cert.days)<30";"Unity XT";"curl -sS --fail --connect-timeout 10 --max-time 30 --cacert ""$CA"" -u ""$USER:$PASS"" -H ""X-EMC-REST-CLIENT: true"" -H ""Accept: application/json"" -c ""$UNITY_COOKIE_FILE"" -D ""$UNITY_HEADERS_FILE"" ""https://$HOST/api/types/loginSessionInfo/instances""";"GET no mesmo host/porta: após validar o destino, usar --location --max-redirs 3 --proto-redir '=https'. Se Location mudar host ou porta, validar allowlist e certificado antes de repetir. Nunca usar --location-trusted.";"curl -sS -vI --connect-timeout 10 --max-time 30 --cacert ""$CA"" ""https://$HOST:443/""";"Autenticar ao iniciar e renovar somente após expiração/HTTP 401 ou erro de sessão. Reutilizar $UNITY_COOKIE_FILE; não usar Basic nos GETs. HTTP 403 também pode ser falta de permissão. O detalhe do certificado aparece em stderr; para cálculo de dias, preferir item web.certificate do Zabbix ou OpenSSL."
"Security";"Critical";"Ransomware";"Ransomware Pattern";"auth deletes";"Cyber risk";"Escalate";"count(/host/auth.failed,5m)>50";"Unity XT";"curl -sS --fail --connect-timeout 10 --max-time 30 --cacert ""$CA"" -u ""$USER:$PASS"" -H ""X-EMC-REST-CLIENT: true"" -H ""Accept: application/json"" -c ""$UNITY_COOKIE_FILE"" -D ""$UNITY_HEADERS_FILE"" ""https://$HOST/api/types/loginSessionInfo/instances""";"GET no mesmo host/porta: após validar o destino, usar --location --max-redirs 3 --proto-redir '=https'. Se Location mudar host ou porta, validar allowlist e certificado antes de repetir. Nunca usar --location-trusted.";"curl -sS --fail --connect-timeout 10 --max-time 30 --cacert ""$CA"" -b ""$UNITY_COOKIE_FILE"" -c ""$UNITY_COOKIE_FILE"" -H ""X-EMC-REST-CLIENT: true"" -H ""Accept: application/json"" ""https://$HOST/api/types/alert/instances""";"Autenticar ao iniciar e renovar somente após expiração/HTTP 401 ou erro de sessão. Reutilizar $UNITY_COOKIE_FILE; não usar Basic nos GETs. HTTP 403 também pode ser falta de permissão. Somente usar se houver alerta nativo/licenciado correspondente; caso contrário, correlacionar no SIEM."
"Hardware";"Critical";"Cluster";"Cluster Down";">5m";"Outage";"Failover/repair";"last(/host/controller.status)=0";"PowerScale / Isilon";"curl -sS --fail --connect-timeout 10 --max-time 30 --cacert ""$CA"" -X POST -H ""Content-Type: application/json"" -H ""Accept: application/json"" -c ""$PS_COOKIE_FILE"" -D ""$PS_HEADERS_FILE"" --data ""{\""username\"":\""$USER\"",\""password\"":\""$PASS\"",\""services\"":[\""platform\""]}"" ""https://$HOST:8080/session/1/session""";"Preferir o FQDN final/SmartConnect na porta 8080. Não seguir automaticamente redirect que mude host ou porta enquanto X-CSRF-Token estiver presente. Validar Location em allowlist e repetir explicitamente. Nunca usar --location-trusted.";"curl -sS --fail --connect-timeout 10 --max-time 30 --cacert ""$CA"" -b ""$PS_COOKIE_FILE"" -c ""$PS_COOKIE_FILE"" -H ""X-CSRF-Token: $PS_CSRF_TOKEN"" -H ""Accept: application/json"" --referer ""https://$HOST:8080"" ""https://$HOST:8080/platform/$PS_API/cluster/config""";"Autenticar ao iniciar. Extrair isicsrf para $PS_CSRF_TOKEN e reutilizar o cookie isisessid; renovar somente após expiração/HTTP 401 ou erro de sessão. HTTP 403 também pode ser falta de permissão. Validar $PS_API primeiro com GET /platform/latest; os nomes e campos podem variar conforme o OneFS."
"Hardware";"Degraded (cluster)";"Controller";"Controller Down";">5m";"Outage";"Failover/repair";"last(/host/controller.status)=0";"PowerScale / Isilon";"curl -sS --fail --connect-timeout 10 --max-time 30 --cacert ""$CA"" -X POST -H ""Content-Type: application/json"" -H ""Accept: application/json"" -c ""$PS_COOKIE_FILE"" -D ""$PS_HEADERS_FILE"" --data ""{\""username\"":\""$USER\"",\""password\"":\""$PASS\"",\""services\"":[\""platform\""]}"" ""https://$HOST:8080/session/1/session""";"Preferir o FQDN final/SmartConnect na porta 8080. Não seguir automaticamente redirect que mude host ou porta enquanto X-CSRF-Token estiver presente. Validar Location em allowlist e repetir explicitamente. Nunca usar --location-trusted.";"curl -sS --fail --connect-timeout 10 --max-time 30 --cacert ""$CA"" -b ""$PS_COOKIE_FILE"" -c ""$PS_COOKIE_FILE"" -H ""X-CSRF-Token: $PS_CSRF_TOKEN"" -H ""Accept: application/json"" --referer ""https://$HOST:8080"" ""https://$HOST:8080/platform/$PS_API/cluster/nodes/$NODE_ID/status""";"Autenticar ao iniciar. Extrair isicsrf para $PS_CSRF_TOKEN e reutilizar o cookie isisessid; renovar somente após expiração/HTTP 401 ou erro de sessão. HTTP 403 também pode ser falta de permissão. Executar para cada $NODE_ID retornado por /platform/$PS_API/cluster/nodes."
"Hardware";"Critical";"Disk";"Multiple Disk Failure";"1 failed";"Data risk";"Replace disk";"last(/host/disks.failed)>1";"PowerScale / Isilon";"curl -sS --fail --connect-timeout 10 --max-time 30 --cacert ""$CA"" -X POST -H ""Content-Type: application/json"" -H ""Accept: application/json"" -c ""$PS_COOKIE_FILE"" -D ""$PS_HEADERS_FILE"" --data ""{\""username\"":\""$USER\"",\""password\"":\""$PASS\"",\""services\"":[\""platform\""]}"" ""https://$HOST:8080/session/1/session""";"Preferir o FQDN final/SmartConnect na porta 8080. Não seguir automaticamente redirect que mude host ou porta enquanto X-CSRF-Token estiver presente. Validar Location em allowlist e repetir explicitamente. Nunca usar --location-trusted.";"curl -sS --fail --connect-timeout 10 --max-time 30 --cacert ""$CA"" -b ""$PS_COOKIE_FILE"" -c ""$PS_COOKIE_FILE"" -H ""X-CSRF-Token: $PS_CSRF_TOKEN"" -H ""Accept: application/json"" --referer ""https://$HOST:8080"" ""https://$HOST:8080/platform/$PS_API/cluster/nodes/$NODE_ID/drives""";"Autenticar ao iniciar. Extrair isicsrf para $PS_CSRF_TOKEN e reutilizar o cookie isisessid; renovar somente após expiração/HTTP 401 ou erro de sessão. HTTP 403 também pode ser falta de permissão. Executar para cada $NODE_ID retornado por /platform/$PS_API/cluster/nodes."
"Hardware";"Critical";"PSU";"Power Supply Failure";"Any";"Redundancy loss";"Replace PSU";"last(/host/psu.status)=0";"PowerScale / Isilon";"curl -sS --fail --connect-timeout 10 --max-time 30 --cacert ""$CA"" -X POST -H ""Content-Type: application/json"" -H ""Accept: application/json"" -c ""$PS_COOKIE_FILE"" -D ""$PS_HEADERS_FILE"" --data ""{\""username\"":\""$USER\"",\""password\"":\""$PASS\"",\""services\"":[\""platform\""]}"" ""https://$HOST:8080/session/1/session""";"Preferir o FQDN final/SmartConnect na porta 8080. Não seguir automaticamente redirect que mude host ou porta enquanto X-CSRF-Token estiver presente. Validar Location em allowlist e repetir explicitamente. Nunca usar --location-trusted.";"curl -sS --fail --connect-timeout 10 --max-time 30 --cacert ""$CA"" -b ""$PS_COOKIE_FILE"" -c ""$PS_COOKIE_FILE"" -H ""X-CSRF-Token: $PS_CSRF_TOKEN"" -H ""Accept: application/json"" --referer ""https://$HOST:8080"" ""https://$HOST:8080/platform/$PS_API/cluster/nodes/$NODE_ID/powersupplies""";"Autenticar ao iniciar. Extrair isicsrf para $PS_CSRF_TOKEN e reutilizar o cookie isisessid; renovar somente após expiração/HTTP 401 ou erro de sessão. HTTP 403 também pode ser falta de permissão. Executar para cada $NODE_ID retornado por /platform/$PS_API/cluster/nodes."
"Hardware";"Degraded";"Fan";"Fan Failure";"Any";"Cooling reduced";"Replace fan";"last(/host/fan.status)=0";"PowerScale / Isilon";"curl -sS --fail --connect-timeout 10 --max-time 30 --cacert ""$CA"" -X POST -H ""Content-Type: application/json"" -H ""Accept: application/json"" -c ""$PS_COOKIE_FILE"" -D ""$PS_HEADERS_FILE"" --data ""{\""username\"":\""$USER\"",\""password\"":\""$PASS\"",\""services\"":[\""platform\""]}"" ""https://$HOST:8080/session/1/session""";"Preferir o FQDN final/SmartConnect na porta 8080. Não seguir automaticamente redirect que mude host ou porta enquanto X-CSRF-Token estiver presente. Validar Location em allowlist e repetir explicitamente. Nunca usar --location-trusted.";"curl -sS --fail --connect-timeout 10 --max-time 30 --cacert ""$CA"" -b ""$PS_COOKIE_FILE"" -c ""$PS_COOKIE_FILE"" -H ""X-CSRF-Token: $PS_CSRF_TOKEN"" -H ""Accept: application/json"" --referer ""https://$HOST:8080"" ""https://$HOST:8080/platform/$PS_API/cluster/nodes/$NODE_ID/sensors""";"Autenticar ao iniciar. Extrair isicsrf para $PS_CSRF_TOKEN e reutilizar o cookie isisessid; renovar somente após expiração/HTTP 401 ou erro de sessão. HTTP 403 também pode ser falta de permissão. Executar para cada $NODE_ID retornado por /platform/$PS_API/cluster/nodes. Confirmar quais sensores representam fans."
"Hardware";"Major";"Temperature";"High Temp";">40C";"Stress";"Check cooling";"avg(/host/temp,10m)>40";"PowerScale / Isilon";"curl -sS --fail --connect-timeout 10 --max-time 30 --cacert ""$CA"" -X POST -H ""Content-Type: application/json"" -H ""Accept: application/json"" -c ""$PS_COOKIE_FILE"" -D ""$PS_HEADERS_FILE"" --data ""{\""username\"":\""$USER\"",\""password\"":\""$PASS\"",\""services\"":[\""platform\""]}"" ""https://$HOST:8080/session/1/session""";"Preferir o FQDN final/SmartConnect na porta 8080. Não seguir automaticamente redirect que mude host ou porta enquanto X-CSRF-Token estiver presente. Validar Location em allowlist e repetir explicitamente. Nunca usar --location-trusted.";"curl -sS --fail --connect-timeout 10 --max-time 30 --cacert ""$CA"" -b ""$PS_COOKIE_FILE"" -c ""$PS_COOKIE_FILE"" -H ""X-CSRF-Token: $PS_CSRF_TOKEN"" -H ""Accept: application/json"" --referer ""https://$HOST:8080"" ""https://$HOST:8080/platform/$PS_API/cluster/nodes/$NODE_ID/sensors""";"Autenticar ao iniciar. Extrair isicsrf para $PS_CSRF_TOKEN e reutilizar o cookie isisessid; renovar somente após expiração/HTTP 401 ou erro de sessão. HTTP 403 também pode ser falta de permissão. Executar para cada $NODE_ID retornado por /platform/$PS_API/cluster/nodes. Confirmar unidade e limite informado pelo equipamento."
"Performance";"Major";"Latency";"SMB latency";">20 ms";"Slow apps";"Tune workload";"avg(/host/latency,15m)>15";"PowerScale / Isilon";"curl -sS --fail --connect-timeout 10 --max-time 30 --cacert ""$CA"" -X POST -H ""Content-Type: application/json"" -H ""Accept: application/json"" -c ""$PS_COOKIE_FILE"" -D ""$PS_HEADERS_FILE"" --data ""{\""username\"":\""$USER\"",\""password\"":\""$PASS\"",\""services\"":[\""platform\""]}"" ""https://$HOST:8080/session/1/session""";"Preferir o FQDN final/SmartConnect na porta 8080. Não seguir automaticamente redirect que mude host ou porta enquanto X-CSRF-Token estiver presente. Validar Location em allowlist e repetir explicitamente. Nunca usar --location-trusted.";"curl -sS --fail --connect-timeout 10 --max-time 30 --cacert ""$CA"" -b ""$PS_COOKIE_FILE"" -c ""$PS_COOKIE_FILE"" -H ""X-CSRF-Token: $PS_CSRF_TOKEN"" -H ""Accept: application/json"" --referer ""https://$HOST:8080"" ""https://$HOST:8080/platform/$PS_API/statistics/current?keys=$STAT_KEY""";"Autenticar ao iniciar. Extrair isicsrf para $PS_CSRF_TOKEN e reutilizar o cookie isisessid; renovar somente após expiração/HTTP 401 ou erro de sessão. HTTP 403 também pode ser falta de permissão. Substituir $STAT_KEY por uma key encontrada em /platform/$PS_API/statistics/keys e confirmar unidade e escopo."
"Performance";"Major";"Latency";"NFS latency";">20 ms";"Slow apps";"Tune workload";"avg(/host/latency,15m)>15";"PowerScale / Isilon";"curl -sS --fail --connect-timeout 10 --max-time 30 --cacert ""$CA"" -X POST -H ""Content-Type: application/json"" -H ""Accept: application/json"" -c ""$PS_COOKIE_FILE"" -D ""$PS_HEADERS_FILE"" --data ""{\""username\"":\""$USER\"",\""password\"":\""$PASS\"",\""services\"":[\""platform\""]}"" ""https://$HOST:8080/session/1/session""";"Preferir o FQDN final/SmartConnect na porta 8080. Não seguir automaticamente redirect que mude host ou porta enquanto X-CSRF-Token estiver presente. Validar Location em allowlist e repetir explicitamente. Nunca usar --location-trusted.";"curl -sS --fail --connect-timeout 10 --max-time 30 --cacert ""$CA"" -b ""$PS_COOKIE_FILE"" -c ""$PS_COOKIE_FILE"" -H ""X-CSRF-Token: $PS_CSRF_TOKEN"" -H ""Accept: application/json"" --referer ""https://$HOST:8080"" ""https://$HOST:8080/platform/$PS_API/statistics/current?keys=$STAT_KEY""";"Autenticar ao iniciar. Extrair isicsrf para $PS_CSRF_TOKEN e reutilizar o cookie isisessid; renovar somente após expiração/HTTP 401 ou erro de sessão. HTTP 403 também pode ser falta de permissão. Substituir $STAT_KEY por uma key encontrada em /platform/$PS_API/statistics/keys e confirmar unidade e escopo."
"Performance";"Major";"Latency";"NFS retransmissions";">1% of calls";"Slow apps";"Tune workload";"avg(/host/latency,15m)>15";"PowerScale / Isilon";"curl -sS --fail --connect-timeout 10 --max-time 30 --cacert ""$CA"" -X POST -H ""Content-Type: application/json"" -H ""Accept: application/json"" -c ""$PS_COOKIE_FILE"" -D ""$PS_HEADERS_FILE"" --data ""{\""username\"":\""$USER\"",\""password\"":\""$PASS\"",\""services\"":[\""platform\""]}"" ""https://$HOST:8080/session/1/session""";"Preferir o FQDN final/SmartConnect na porta 8080. Não seguir automaticamente redirect que mude host ou porta enquanto X-CSRF-Token estiver presente. Validar Location em allowlist e repetir explicitamente. Nunca usar --location-trusted.";"curl -sS --fail --connect-timeout 10 --max-time 30 --cacert ""$CA"" -b ""$PS_COOKIE_FILE"" -c ""$PS_COOKIE_FILE"" -H ""X-CSRF-Token: $PS_CSRF_TOKEN"" -H ""Accept: application/json"" --referer ""https://$HOST:8080"" ""https://$HOST:8080/platform/$PS_API/statistics/current?keys=$STAT_KEY""";"Autenticar ao iniciar. Extrair isicsrf para $PS_CSRF_TOKEN e reutilizar o cookie isisessid; renovar somente após expiração/HTTP 401 ou erro de sessão. HTTP 403 também pode ser falta de permissão. Substituir $STAT_KEY por uma key encontrada em /platform/$PS_API/statistics/keys e confirmar unidade e escopo. Se não houver key no array, coletar do cliente NFS."
"Performance";"Major";"Latency";"CPU utilization";">80%";"Slow apps";"Tune workload";"avg(/host/cpu,15m)>80";"PowerScale / Isilon";"curl -sS --fail --connect-timeout 10 --max-time 30 --cacert ""$CA"" -X POST -H ""Content-Type: application/json"" -H ""Accept: application/json"" -c ""$PS_COOKIE_FILE"" -D ""$PS_HEADERS_FILE"" --data ""{\""username\"":\""$USER\"",\""password\"":\""$PASS\"",\""services\"":[\""platform\""]}"" ""https://$HOST:8080/session/1/session""";"Preferir o FQDN final/SmartConnect na porta 8080. Não seguir automaticamente redirect que mude host ou porta enquanto X-CSRF-Token estiver presente. Validar Location em allowlist e repetir explicitamente. Nunca usar --location-trusted.";"curl -sS --fail --connect-timeout 10 --max-time 30 --cacert ""$CA"" -b ""$PS_COOKIE_FILE"" -c ""$PS_COOKIE_FILE"" -H ""X-CSRF-Token: $PS_CSRF_TOKEN"" -H ""Accept: application/json"" --referer ""https://$HOST:8080"" ""https://$HOST:8080/platform/$PS_API/statistics/current?keys=$STAT_KEY""";"Autenticar ao iniciar. Extrair isicsrf para $PS_CSRF_TOKEN e reutilizar o cookie isisessid; renovar somente após expiração/HTTP 401 ou erro de sessão. HTTP 403 também pode ser falta de permissão. Substituir $STAT_KEY por uma key encontrada em /platform/$PS_API/statistics/keys e confirmar unidade e escopo."
"Performance";"Major";"Latency";"Storage utilization";">85%";"Slow apps";"Tune workload";"avg(/host/latency,15m)>15";"PowerScale / Isilon";"curl -sS --fail --connect-timeout 10 --max-time 30 --cacert ""$CA"" -X POST -H ""Content-Type: application/json"" -H ""Accept: application/json"" -c ""$PS_COOKIE_FILE"" -D ""$PS_HEADERS_FILE"" --data ""{\""username\"":\""$USER\"",\""password\"":\""$PASS\"",\""services\"":[\""platform\""]}"" ""https://$HOST:8080/session/1/session""";"Preferir o FQDN final/SmartConnect na porta 8080. Não seguir automaticamente redirect que mude host ou porta enquanto X-CSRF-Token estiver presente. Validar Location em allowlist e repetir explicitamente. Nunca usar --location-trusted.";"curl -sS --fail --connect-timeout 10 --max-time 30 --cacert ""$CA"" -b ""$PS_COOKIE_FILE"" -c ""$PS_COOKIE_FILE"" -H ""X-CSRF-Token: $PS_CSRF_TOKEN"" -H ""Accept: application/json"" --referer ""https://$HOST:8080"" ""https://$HOST:8080/platform/$PS_API/statistics/current?keys=$STAT_KEY""";"Autenticar ao iniciar. Extrair isicsrf para $PS_CSRF_TOKEN e reutilizar o cookie isisessid; renovar somente após expiração/HTTP 401 ou erro de sessão. HTTP 403 também pode ser falta de permissão. Substituir $STAT_KEY por uma key encontrada em /platform/$PS_API/statistics/keys e confirmar unidade e escopo."
"Performance";"Major";"Latency";"Network utilization";">80% link capacity";"Slow apps";"Tune workload";"avg(/host/latency,15m)>15";"PowerScale / Isilon";"curl -sS --fail --connect-timeout 10 --max-time 30 --cacert ""$CA"" -X POST -H ""Content-Type: application/json"" -H ""Accept: application/json"" -c ""$PS_COOKIE_FILE"" -D ""$PS_HEADERS_FILE"" --data ""{\""username\"":\""$USER\"",\""password\"":\""$PASS\"",\""services\"":[\""platform\""]}"" ""https://$HOST:8080/session/1/session""";"Preferir o FQDN final/SmartConnect na porta 8080. Não seguir automaticamente redirect que mude host ou porta enquanto X-CSRF-Token estiver presente. Validar Location em allowlist e repetir explicitamente. Nunca usar --location-trusted.";"curl -sS --fail --connect-timeout 10 --max-time 30 --cacert ""$CA"" -b ""$PS_COOKIE_FILE"" -c ""$PS_COOKIE_FILE"" -H ""X-CSRF-Token: $PS_CSRF_TOKEN"" -H ""Accept: application/json"" --referer ""https://$HOST:8080"" ""https://$HOST:8080/platform/$PS_API/statistics/current?keys=$STAT_KEY""";"Autenticar ao iniciar. Extrair isicsrf para $PS_CSRF_TOKEN e reutilizar o cookie isisessid; renovar somente após expiração/HTTP 401 ou erro de sessão. HTTP 403 também pode ser falta de permissão. Substituir $STAT_KEY por uma key encontrada em /platform/$PS_API/statistics/keys e confirmar unidade e escopo."
"Performance";"Major";"Latency";"Packet loss";">0.1%";"Slow apps";"Tune workload";"avg(/host/latency,15m)>15";"PowerScale / Isilon";"curl -sS --fail --connect-timeout 10 --max-time 30 --cacert ""$CA"" -X POST -H ""Content-Type: application/json"" -H ""Accept: application/json"" -c ""$PS_COOKIE_FILE"" -D ""$PS_HEADERS_FILE"" --data ""{\""username\"":\""$USER\"",\""password\"":\""$PASS\"",\""services\"":[\""platform\""]}"" ""https://$HOST:8080/session/1/session""";"Preferir o FQDN final/SmartConnect na porta 8080. Não seguir automaticamente redirect que mude host ou porta enquanto X-CSRF-Token estiver presente. Validar Location em allowlist e repetir explicitamente. Nunca usar --location-trusted.";"curl -sS --fail --connect-timeout 10 --max-time 30 --cacert ""$CA"" -b ""$PS_COOKIE_FILE"" -c ""$PS_COOKIE_FILE"" -H ""X-CSRF-Token: $PS_CSRF_TOKEN"" -H ""Accept: application/json"" --referer ""https://$HOST:8080"" ""https://$HOST:8080/platform/$PS_API/statistics/current?keys=$STAT_KEY""";"Autenticar ao iniciar. Extrair isicsrf para $PS_CSRF_TOKEN e reutilizar o cookie isisessid; renovar somente após expiração/HTTP 401 ou erro de sessão. HTTP 403 também pode ser falta de permissão. Substituir $STAT_KEY por uma key encontrada em /platform/$PS_API/statistics/keys e confirmar unidade e escopo. Preferir contadores de erros, descartes e pacotes para calcular a taxa."
"Capacity";"Critical";"CPU";"Controller CPU";">95%";"Service impact";"Investigate";"avg(/host/cpu,15m)>95";"PowerScale / Isilon";"curl -sS --fail --connect-timeout 10 --max-time 30 --cacert ""$CA"" -X POST -H ""Content-Type: application/json"" -H ""Accept: application/json"" -c ""$PS_COOKIE_FILE"" -D ""$PS_HEADERS_FILE"" --data ""{\""username\"":\""$USER\"",\""password\"":\""$PASS\"",\""services\"":[\""platform\""]}"" ""https://$HOST:8080/session/1/session""";"Preferir o FQDN final/SmartConnect na porta 8080. Não seguir automaticamente redirect que mude host ou porta enquanto X-CSRF-Token estiver presente. Validar Location em allowlist e repetir explicitamente. Nunca usar --location-trusted.";"curl -sS --fail --connect-timeout 10 --max-time 30 --cacert ""$CA"" -b ""$PS_COOKIE_FILE"" -c ""$PS_COOKIE_FILE"" -H ""X-CSRF-Token: $PS_CSRF_TOKEN"" -H ""Accept: application/json"" --referer ""https://$HOST:8080"" ""https://$HOST:8080/platform/$PS_API/statistics/current?keys=$STAT_KEY""";"Autenticar ao iniciar. Extrair isicsrf para $PS_CSRF_TOKEN e reutilizar o cookie isisessid; renovar somente após expiração/HTTP 401 ou erro de sessão. HTTP 403 também pode ser falta de permissão. Substituir $STAT_KEY por uma key encontrada em /platform/$PS_API/statistics/keys e confirmar unidade e escopo. No PowerScale, tratar como CPU por nó, não por controladora."
"Capacity";"Major";"Volume";"Volume Usage";">80%";"Growth risk";"Plan capacity";"last(/host/volume.used)>80";"PowerScale / Isilon";"curl -sS --fail --connect-timeout 10 --max-time 30 --cacert ""$CA"" -X POST -H ""Content-Type: application/json"" -H ""Accept: application/json"" -c ""$PS_COOKIE_FILE"" -D ""$PS_HEADERS_FILE"" --data ""{\""username\"":\""$USER\"",\""password\"":\""$PASS\"",\""services\"":[\""platform\""]}"" ""https://$HOST:8080/session/1/session""";"Preferir o FQDN final/SmartConnect na porta 8080. Não seguir automaticamente redirect que mude host ou porta enquanto X-CSRF-Token estiver presente. Validar Location em allowlist e repetir explicitamente. Nunca usar --location-trusted.";"curl -sS --fail --connect-timeout 10 --max-time 30 --cacert ""$CA"" -b ""$PS_COOKIE_FILE"" -c ""$PS_COOKIE_FILE"" -H ""X-CSRF-Token: $PS_CSRF_TOKEN"" -H ""Accept: application/json"" --referer ""https://$HOST:8080"" ""https://$HOST:8080/platform/$PS_API/cluster/statfs""";"Autenticar ao iniciar. Extrair isicsrf para $PS_CSRF_TOKEN e reutilizar o cookie isisessid; renovar somente após expiração/HTTP 401 ou erro de sessão. HTTP 403 também pode ser falta de permissão. PowerScale não possui volume de bloco genérico; usar filesystem, quota ou node pool conforme o objeto monitorado."
"Capacity";"Major";"Pool";"Pool Usage";">90%";"Capacity risk";"Expand pool";"last(/host/pool.used)>90";"PowerScale / Isilon";"curl -sS --fail --connect-timeout 10 --max-time 30 --cacert ""$CA"" -X POST -H ""Content-Type: application/json"" -H ""Accept: application/json"" -c ""$PS_COOKIE_FILE"" -D ""$PS_HEADERS_FILE"" --data ""{\""username\"":\""$USER\"",\""password\"":\""$PASS\"",\""services\"":[\""platform\""]}"" ""https://$HOST:8080/session/1/session""";"Preferir o FQDN final/SmartConnect na porta 8080. Não seguir automaticamente redirect que mude host ou porta enquanto X-CSRF-Token estiver presente. Validar Location em allowlist e repetir explicitamente. Nunca usar --location-trusted.";"curl -sS --fail --connect-timeout 10 --max-time 30 --cacert ""$CA"" -b ""$PS_COOKIE_FILE"" -c ""$PS_COOKIE_FILE"" -H ""X-CSRF-Token: $PS_CSRF_TOKEN"" -H ""Accept: application/json"" --referer ""https://$HOST:8080"" ""https://$HOST:8080/platform/$PS_API/storagepool/nodepools""";"Autenticar ao iniciar. Extrair isicsrf para $PS_CSRF_TOKEN e reutilizar o cookie isisessid; renovar somente após expiração/HTTP 401 ou erro de sessão. HTTP 403 também pode ser falta de permissão. Validar $PS_API primeiro com GET /platform/latest; os nomes e campos podem variar conforme o OneFS."
"Capacity";"Critical";"Pool";"Pool Full";">95%";"Service impact";"Emergency expansion";"last(/host/pool.used)>95";"PowerScale / Isilon";"curl -sS --fail --connect-timeout 10 --max-time 30 --cacert ""$CA"" -X POST -H ""Content-Type: application/json"" -H ""Accept: application/json"" -c ""$PS_COOKIE_FILE"" -D ""$PS_HEADERS_FILE"" --data ""{\""username\"":\""$USER\"",\""password\"":\""$PASS\"",\""services\"":[\""platform\""]}"" ""https://$HOST:8080/session/1/session""";"Preferir o FQDN final/SmartConnect na porta 8080. Não seguir automaticamente redirect que mude host ou porta enquanto X-CSRF-Token estiver presente. Validar Location em allowlist e repetir explicitamente. Nunca usar --location-trusted.";"curl -sS --fail --connect-timeout 10 --max-time 30 --cacert ""$CA"" -b ""$PS_COOKIE_FILE"" -c ""$PS_COOKIE_FILE"" -H ""X-CSRF-Token: $PS_CSRF_TOKEN"" -H ""Accept: application/json"" --referer ""https://$HOST:8080"" ""https://$HOST:8080/platform/$PS_API/storagepool/nodepools""";"Autenticar ao iniciar. Extrair isicsrf para $PS_CSRF_TOKEN e reutilizar o cookie isisessid; renovar somente após expiração/HTTP 401 ou erro de sessão. HTTP 403 também pode ser falta de permissão. Calcular percentual usando total e disponível do mesmo node pool."
"Replication";"Critical";"DR";"Replication Failed";">15m";"DR unavailable";"Restore";"last(/host/repl.status)=0";"PowerScale / Isilon";"curl -sS --fail --connect-timeout 10 --max-time 30 --cacert ""$CA"" -X POST -H ""Content-Type: application/json"" -H ""Accept: application/json"" -c ""$PS_COOKIE_FILE"" -D ""$PS_HEADERS_FILE"" --data ""{\""username\"":\""$USER\"",\""password\"":\""$PASS\"",\""services\"":[\""platform\""]}"" ""https://$HOST:8080/session/1/session""";"Preferir o FQDN final/SmartConnect na porta 8080. Não seguir automaticamente redirect que mude host ou porta enquanto X-CSRF-Token estiver presente. Validar Location em allowlist e repetir explicitamente. Nunca usar --location-trusted.";"curl -sS --fail --connect-timeout 10 --max-time 30 --cacert ""$CA"" -b ""$PS_COOKIE_FILE"" -c ""$PS_COOKIE_FILE"" -H ""X-CSRF-Token: $PS_CSRF_TOKEN"" -H ""Accept: application/json"" --referer ""https://$HOST:8080"" ""https://$HOST:8080/platform/$PS_API/sync/reports""";"Autenticar ao iniciar. Extrair isicsrf para $PS_CSRF_TOKEN e reutilizar o cookie isisessid; renovar somente após expiração/HTTP 401 ou erro de sessão. HTTP 403 também pode ser falta de permissão. Correlacionar report com /sync/policies e guardar ID, estado, erro e último sucesso."
"Replication";"Major";"Lag";"Replication Lag";">1h";"Recovery risk";"Investigate";"last(/host/repl.lag)>3600";"PowerScale / Isilon";"curl -sS --fail --connect-timeout 10 --max-time 30 --cacert ""$CA"" -X POST -H ""Content-Type: application/json"" -H ""Accept: application/json"" -c ""$PS_COOKIE_FILE"" -D ""$PS_HEADERS_FILE"" --data ""{\""username\"":\""$USER\"",\""password\"":\""$PASS\"",\""services\"":[\""platform\""]}"" ""https://$HOST:8080/session/1/session""";"Preferir o FQDN final/SmartConnect na porta 8080. Não seguir automaticamente redirect que mude host ou porta enquanto X-CSRF-Token estiver presente. Validar Location em allowlist e repetir explicitamente. Nunca usar --location-trusted.";"curl -sS --fail --connect-timeout 10 --max-time 30 --cacert ""$CA"" -b ""$PS_COOKIE_FILE"" -c ""$PS_COOKIE_FILE"" -H ""X-CSRF-Token: $PS_CSRF_TOKEN"" -H ""Accept: application/json"" --referer ""https://$HOST:8080"" ""https://$HOST:8080/platform/$PS_API/sync/reports""";"Autenticar ao iniciar. Extrair isicsrf para $PS_CSRF_TOKEN e reutilizar o cookie isisessid; renovar somente após expiração/HTTP 401 ou erro de sessão. HTTP 403 também pode ser falta de permissão. Validar timestamps/backlog disponíveis na versão; não inferir lag apenas do status."
"Protocols";"Degraded";"NFS";"NFS Service";"down";"Access impact";"Restart service";"last(/host/nfs.status)=0";"PowerScale / Isilon";"curl -sS --fail --connect-timeout 10 --max-time 30 --cacert ""$CA"" -X POST -H ""Content-Type: application/json"" -H ""Accept: application/json"" -c ""$PS_COOKIE_FILE"" -D ""$PS_HEADERS_FILE"" --data ""{\""username\"":\""$USER\"",\""password\"":\""$PASS\"",\""services\"":[\""platform\""]}"" ""https://$HOST:8080/session/1/session""";"Preferir o FQDN final/SmartConnect na porta 8080. Não seguir automaticamente redirect que mude host ou porta enquanto X-CSRF-Token estiver presente. Validar Location em allowlist e repetir explicitamente. Nunca usar --location-trusted.";"curl -sS --fail --connect-timeout 10 --max-time 30 --cacert ""$CA"" -b ""$PS_COOKIE_FILE"" -c ""$PS_COOKIE_FILE"" -H ""X-CSRF-Token: $PS_CSRF_TOKEN"" -H ""Accept: application/json"" --referer ""https://$HOST:8080"" ""https://$HOST:8080/platform/$PS_API/protocols/nfs/settings/global""";"Autenticar ao iniciar. Extrair isicsrf para $PS_CSRF_TOKEN e reutilizar o cookie isisessid; renovar somente após expiração/HTTP 401 ou erro de sessão. HTTP 403 também pode ser falta de permissão. Mostra configuração. Combinar com eventos/estatísticas para confirmar estado operacional."
"Protocols";"Degraded";"SMB";"SMB Service";"down";"Access impact";"Restart service";"last(/host/smb.status)=0";"PowerScale / Isilon";"curl -sS --fail --connect-timeout 10 --max-time 30 --cacert ""$CA"" -X POST -H ""Content-Type: application/json"" -H ""Accept: application/json"" -c ""$PS_COOKIE_FILE"" -D ""$PS_HEADERS_FILE"" --data ""{\""username\"":\""$USER\"",\""password\"":\""$PASS\"",\""services\"":[\""platform\""]}"" ""https://$HOST:8080/session/1/session""";"Preferir o FQDN final/SmartConnect na porta 8080. Não seguir automaticamente redirect que mude host ou porta enquanto X-CSRF-Token estiver presente. Validar Location em allowlist e repetir explicitamente. Nunca usar --location-trusted.";"curl -sS --fail --connect-timeout 10 --max-time 30 --cacert ""$CA"" -b ""$PS_COOKIE_FILE"" -c ""$PS_COOKIE_FILE"" -H ""X-CSRF-Token: $PS_CSRF_TOKEN"" -H ""Accept: application/json"" --referer ""https://$HOST:8080"" ""https://$HOST:8080/platform/$PS_API/protocols/smb/settings/global""";"Autenticar ao iniciar. Extrair isicsrf para $PS_CSRF_TOKEN e reutilizar o cookie isisessid; renovar somente após expiração/HTTP 401 ou erro de sessão. HTTP 403 também pode ser falta de permissão. Mostra configuração. Combinar com eventos/estatísticas para confirmar estado operacional."
"Security";"Critical";"Audit";"Audit Disabled";"Any";"Compliance risk";"Enable audit";"last(/host/audit.enabled)=0";"PowerScale / Isilon";"curl -sS --fail --connect-timeout 10 --max-time 30 --cacert ""$CA"" -X POST -H ""Content-Type: application/json"" -H ""Accept: application/json"" -c ""$PS_COOKIE_FILE"" -D ""$PS_HEADERS_FILE"" --data ""{\""username\"":\""$USER\"",\""password\"":\""$PASS\"",\""services\"":[\""platform\""]}"" ""https://$HOST:8080/session/1/session""";"Preferir o FQDN final/SmartConnect na porta 8080. Não seguir automaticamente redirect que mude host ou porta enquanto X-CSRF-Token estiver presente. Validar Location em allowlist e repetir explicitamente. Nunca usar --location-trusted.";"curl -sS --fail --connect-timeout 10 --max-time 30 --cacert ""$CA"" -b ""$PS_COOKIE_FILE"" -c ""$PS_COOKIE_FILE"" -H ""X-CSRF-Token: $PS_CSRF_TOKEN"" -H ""Accept: application/json"" --referer ""https://$HOST:8080"" ""https://$HOST:8080/platform/$PS_API/audit/settings/global""";"Autenticar ao iniciar. Extrair isicsrf para $PS_CSRF_TOKEN e reutilizar o cookie isisessid; renovar somente após expiração/HTTP 401 ou erro de sessão. HTTP 403 também pode ser falta de permissão. Validar $PS_API primeiro com GET /platform/latest; os nomes e campos podem variar conforme o OneFS."
"Security";"Critical";"Admin";"Unauthorized Admin";"Any";"Security breach";"Investigate";"change(/host/admin.count)>0";"PowerScale / Isilon";"curl -sS --fail --connect-timeout 10 --max-time 30 --cacert ""$CA"" -X POST -H ""Content-Type: application/json"" -H ""Accept: application/json"" -c ""$PS_COOKIE_FILE"" -D ""$PS_HEADERS_FILE"" --data ""{\""username\"":\""$USER\"",\""password\"":\""$PASS\"",\""services\"":[\""platform\""]}"" ""https://$HOST:8080/session/1/session""";"Preferir o FQDN final/SmartConnect na porta 8080. Não seguir automaticamente redirect que mude host ou porta enquanto X-CSRF-Token estiver presente. Validar Location em allowlist e repetir explicitamente. Nunca usar --location-trusted.";"curl -sS --fail --connect-timeout 10 --max-time 30 --cacert ""$CA"" -b ""$PS_COOKIE_FILE"" -c ""$PS_COOKIE_FILE"" -H ""X-CSRF-Token: $PS_CSRF_TOKEN"" -H ""Accept: application/json"" --referer ""https://$HOST:8080"" ""https://$HOST:8080/platform/$PS_API/event/eventgroup-occurrences""";"Autenticar ao iniciar. Extrair isicsrf para $PS_CSRF_TOKEN e reutilizar o cookie isisessid; renovar somente após expiração/HTTP 401 ou erro de sessão. HTTP 403 também pode ser falta de permissão. O endpoint fornece eventos, mas a classificação como não autorizado exige auditoria/SIEM e regra aprovada."
"Security";"Critical";"Certificate";"Certificate Expiring";"<30d";"Security risk";"Renew";"last(/host/cert.days)<30";"PowerScale / Isilon";"curl -sS --fail --connect-timeout 10 --max-time 30 --cacert ""$CA"" -X POST -H ""Content-Type: application/json"" -H ""Accept: application/json"" -c ""$PS_COOKIE_FILE"" -D ""$PS_HEADERS_FILE"" --data ""{\""username\"":\""$USER\"",\""password\"":\""$PASS\"",\""services\"":[\""platform\""]}"" ""https://$HOST:8080/session/1/session""";"Preferir o FQDN final/SmartConnect na porta 8080. Não seguir automaticamente redirect que mude host ou porta enquanto X-CSRF-Token estiver presente. Validar Location em allowlist e repetir explicitamente. Nunca usar --location-trusted.";"curl -sS -vI --connect-timeout 10 --max-time 30 --cacert ""$CA"" ""https://$HOST:8080/""";"Autenticar ao iniciar. Extrair isicsrf para $PS_CSRF_TOKEN e reutilizar o cookie isisessid; renovar somente após expiração/HTTP 401 ou erro de sessão. HTTP 403 também pode ser falta de permissão. O detalhe do certificado aparece em stderr; para cálculo de dias, preferir item web.certificate do Zabbix ou OpenSSL."
"Security";"Critical";"Ransomware";"Ransomware Pattern";"auth deletes";"Cyber risk";"Escalate";"count(/host/auth.failed,5m)>50";"PowerScale / Isilon";"curl -sS --fail --connect-timeout 10 --max-time 30 --cacert ""$CA"" -X POST -H ""Content-Type: application/json"" -H ""Accept: application/json"" -c ""$PS_COOKIE_FILE"" -D ""$PS_HEADERS_FILE"" --data ""{\""username\"":\""$USER\"",\""password\"":\""$PASS\"",\""services\"":[\""platform\""]}"" ""https://$HOST:8080/session/1/session""";"Preferir o FQDN final/SmartConnect na porta 8080. Não seguir automaticamente redirect que mude host ou porta enquanto X-CSRF-Token estiver presente. Validar Location em allowlist e repetir explicitamente. Nunca usar --location-trusted.";"curl -sS --fail --connect-timeout 10 --max-time 30 --cacert ""$CA"" -b ""$PS_COOKIE_FILE"" -c ""$PS_COOKIE_FILE"" -H ""X-CSRF-Token: $PS_CSRF_TOKEN"" -H ""Accept: application/json"" --referer ""https://$HOST:8080"" ""https://$HOST:8080/platform/$PS_API/event/eventgroup-occurrences""";"Autenticar ao iniciar. Extrair isicsrf para $PS_CSRF_TOKEN e reutilizar o cookie isisessid; renovar somente após expiração/HTTP 401 ou erro de sessão. HTTP 403 também pode ser falta de permissão. Não existe regra genérica confiável; validar recurso/licença antirransomware ou correlacionar no SIEM."
"Hardware";"Critical";"Cluster";"Cluster Down";">5m";"Outage";"Failover/repair";"last(/host/controller.status)=0";"ECS";"curl -sS --fail --connect-timeout 10 --max-time 30 --cacert ""$CA"" -u ""$USER:$PASS"" -H ""Accept: application/json"" -c ""$ECS_COOKIE_FILE"" -D ""$ECS_HEADERS_FILE"" ""https://$HOST:4443/login""";"Em coleta autenticada, 302 sem follow ou 401 depois de follow pode indicar token expirado: refazer /login. Não encaminhar X-SDS-AUTH-TOKEN para destino fora da allowlist. Nunca usar --location-trusted.";"curl -sS --fail --connect-timeout 10 --max-time 30 --cacert ""$CA"" -H ""X-SDS-AUTH-TOKEN: $TOKEN"" ""https://$HOST:4443/vdc/nodes""";"Autenticar ao iniciar. Extrair X-SDS-AUTH-TOKEN de $ECS_HEADERS_FILE para $TOKEN (ou reutilizar $ECS_COOKIE_FILE); renovar somente quando expirar. Obter $TOKEN com GET https://$HOST:4443/login usando Basic; validar o endpoint na referência da release ECS instalada."
"Hardware";"Degraded (cluster)";"Controller";"Controller Down";">5m";"Outage";"Failover/repair";"last(/host/controller.status)=0";"ECS";"curl -sS --fail --connect-timeout 10 --max-time 30 --cacert ""$CA"" -u ""$USER:$PASS"" -H ""Accept: application/json"" -c ""$ECS_COOKIE_FILE"" -D ""$ECS_HEADERS_FILE"" ""https://$HOST:4443/login""";"Em coleta autenticada, 302 sem follow ou 401 depois de follow pode indicar token expirado: refazer /login. Não encaminhar X-SDS-AUTH-TOKEN para destino fora da allowlist. Nunca usar --location-trusted.";"curl -sS --fail --connect-timeout 10 --max-time 30 --cacert ""$CA"" -H ""X-SDS-AUTH-TOKEN: $TOKEN"" ""https://$HOST:4443/vdc/nodes""";"Autenticar ao iniciar. Extrair X-SDS-AUTH-TOKEN de $ECS_HEADERS_FILE para $TOKEN (ou reutilizar $ECS_COOKIE_FILE); renovar somente quando expirar. ECS usa nós, não controladoras de storage tradicionais; avaliar estado por nó."
"Hardware";"Critical";"Disk";"Multiple Disk Failure";"1 failed";"Data risk";"Replace disk";"last(/host/disks.failed)>1";"ECS";"curl -sS --fail --connect-timeout 10 --max-time 30 --cacert ""$CA"" -u ""$USER:$PASS"" -H ""Accept: application/json"" -c ""$ECS_COOKIE_FILE"" -D ""$ECS_HEADERS_FILE"" ""https://$HOST:4443/login""";"Em coleta autenticada, 302 sem follow ou 401 depois de follow pode indicar token expirado: refazer /login. Não encaminhar X-SDS-AUTH-TOKEN para destino fora da allowlist. Nunca usar --location-trusted.";"curl -sS --fail --connect-timeout 10 --max-time 30 --cacert ""$CA"" -H ""X-SDS-AUTH-TOKEN: $TOKEN"" ""https://$HOST:4443/vdc/alerts""";"Autenticar ao iniciar. Extrair X-SDS-AUTH-TOKEN de $ECS_HEADERS_FILE para $TOKEN (ou reutilizar $ECS_COOKIE_FILE); renovar somente quando expirar. A API gerencial pode expor o problema como alerta, sem inventário completo de discos; validar na release."
"Hardware";"Critical";"PSU";"Power Supply Failure";"Any";"Redundancy loss";"Replace PSU";"last(/host/psu.status)=0";"ECS";"curl -sS --fail --connect-timeout 10 --max-time 30 --cacert ""$CA"" -u ""$USER:$PASS"" -H ""Accept: application/json"" -c ""$ECS_COOKIE_FILE"" -D ""$ECS_HEADERS_FILE"" ""https://$HOST:4443/login""";"Em coleta autenticada, 302 sem follow ou 401 depois de follow pode indicar token expirado: refazer /login. Não encaminhar X-SDS-AUTH-TOKEN para destino fora da allowlist. Nunca usar --location-trusted.";"curl -sS --fail --connect-timeout 10 --max-time 30 --cacert ""$CA"" -H ""X-SDS-AUTH-TOKEN: $TOKEN"" ""https://$HOST:4443/vdc/alerts""";"Autenticar ao iniciar. Extrair X-SDS-AUTH-TOKEN de $ECS_HEADERS_FILE para $TOKEN (ou reutilizar $ECS_COOKIE_FILE); renovar somente quando expirar. Validar se o alerta inclui nó/componente; usar ferramenta de hardware complementar se necessário."
"Hardware";"Degraded";"Fan";"Fan Failure";"Any";"Cooling reduced";"Replace fan";"last(/host/fan.status)=0";"ECS";"curl -sS --fail --connect-timeout 10 --max-time 30 --cacert ""$CA"" -u ""$USER:$PASS"" -H ""Accept: application/json"" -c ""$ECS_COOKIE_FILE"" -D ""$ECS_HEADERS_FILE"" ""https://$HOST:4443/login""";"Em coleta autenticada, 302 sem follow ou 401 depois de follow pode indicar token expirado: refazer /login. Não encaminhar X-SDS-AUTH-TOKEN para destino fora da allowlist. Nunca usar --location-trusted.";"curl -sS --fail --connect-timeout 10 --max-time 30 --cacert ""$CA"" -H ""X-SDS-AUTH-TOKEN: $TOKEN"" ""https://$HOST:4443/vdc/alerts""";"Autenticar ao iniciar. Extrair X-SDS-AUTH-TOKEN de $ECS_HEADERS_FILE para $TOKEN (ou reutilizar $ECS_COOKIE_FILE); renovar somente quando expirar. Validar se o alerta inclui nó/componente; usar ferramenta de hardware complementar se necessário."
"Hardware";"Major";"Temperature";"High Temp";">40C";"Stress";"Check cooling";"avg(/host/temp,10m)>40";"ECS";"curl -sS --fail --connect-timeout 10 --max-time 30 --cacert ""$CA"" -u ""$USER:$PASS"" -H ""Accept: application/json"" -c ""$ECS_COOKIE_FILE"" -D ""$ECS_HEADERS_FILE"" ""https://$HOST:4443/login""";"Em coleta autenticada, 302 sem follow ou 401 depois de follow pode indicar token expirado: refazer /login. Não encaminhar X-SDS-AUTH-TOKEN para destino fora da allowlist. Nunca usar --location-trusted.";"curl -sS --fail --connect-timeout 10 --max-time 30 --cacert ""$CA"" -H ""X-SDS-AUTH-TOKEN: $TOKEN"" ""https://$HOST:4443/vdc/alerts""";"Autenticar ao iniciar. Extrair X-SDS-AUTH-TOKEN de $ECS_HEADERS_FILE para $TOKEN (ou reutilizar $ECS_COOKIE_FILE); renovar somente quando expirar. Validar alerta ambiental ou uma measurement Flux de sensor disponível na release."
"Performance";"Major";"Latency";"SMB latency";">20 ms";"Slow apps";"Tune workload";"avg(/host/latency,15m)>15";"ECS";"curl -sS --fail --connect-timeout 10 --max-time 30 --cacert ""$CA"" -u ""$USER:$PASS"" -H ""Accept: application/json"" -c ""$ECS_COOKIE_FILE"" -D ""$ECS_HEADERS_FILE"" ""https://$HOST:4443/login""";"Em coleta autenticada, 302 sem follow ou 401 depois de follow pode indicar token expirado: refazer /login. Não encaminhar X-SDS-AUTH-TOKEN para destino fora da allowlist. Nunca usar --location-trusted.";"NÃO APLICÁVEL";"Autenticar ao iniciar. Extrair X-SDS-AUTH-TOKEN de $ECS_HEADERS_FILE para $TOKEN (ou reutilizar $ECS_COOKIE_FILE); renovar somente quando expirar. ECS não oferece SMB como protocolo base; marcar não aplicável salvo arquitetura adicional comprovada."
"Performance";"Major";"Latency";"NFS latency";">20 ms";"Slow apps";"Tune workload";"avg(/host/latency,15m)>15";"ECS";"curl -sS --fail --connect-timeout 10 --max-time 30 --cacert ""$CA"" -u ""$USER:$PASS"" -H ""Accept: application/json"" -c ""$ECS_COOKIE_FILE"" -D ""$ECS_HEADERS_FILE"" ""https://$HOST:4443/login""";"Em coleta autenticada, 302 sem follow ou 401 depois de follow pode indicar token expirado: refazer /login. Não encaminhar X-SDS-AUTH-TOKEN para destino fora da allowlist. Nunca usar --location-trusted.";"curl -sS --fail --connect-timeout 10 --max-time 30 --cacert ""$CA"" -X POST -H ""X-SDS-AUTH-TOKEN: $TOKEN"" -H ""Content-Type: application/json"" --data ""$FLUX_QUERY_JSON"" ""https://$HOST:4443/flux/api/external/v2/query""";"Autenticar ao iniciar. Extrair X-SDS-AUTH-TOKEN de $ECS_HEADERS_FILE para $TOKEN (ou reutilizar $ECS_COOKIE_FILE); renovar somente quando expirar. Montar $FLUX_QUERY_JSON com bucket, measurement, field e tags confirmados na release; vários campos são contadores cumulativos. Aplicável somente se ECS NFS fizer parte do escopo."
"Performance";"Major";"Latency";"NFS retransmissions";">1% of calls";"Slow apps";"Tune workload";"avg(/host/latency,15m)>15";"ECS";"curl -sS --fail --connect-timeout 10 --max-time 30 --cacert ""$CA"" -u ""$USER:$PASS"" -H ""Accept: application/json"" -c ""$ECS_COOKIE_FILE"" -D ""$ECS_HEADERS_FILE"" ""https://$HOST:4443/login""";"Em coleta autenticada, 302 sem follow ou 401 depois de follow pode indicar token expirado: refazer /login. Não encaminhar X-SDS-AUTH-TOKEN para destino fora da allowlist. Nunca usar --location-trusted.";"curl -sS --fail --connect-timeout 10 --max-time 30 --cacert ""$CA"" -X POST -H ""X-SDS-AUTH-TOKEN: $TOKEN"" -H ""Content-Type: application/json"" --data ""$FLUX_QUERY_JSON"" ""https://$HOST:4443/flux/api/external/v2/query""";"Autenticar ao iniciar. Extrair X-SDS-AUTH-TOKEN de $ECS_HEADERS_FILE para $TOKEN (ou reutilizar $ECS_COOKIE_FILE); renovar somente quando expirar. Montar $FLUX_QUERY_JSON com bucket, measurement, field e tags confirmados na release; vários campos são contadores cumulativos. Se a measurement não existir, coletar do cliente NFS."
"Performance";"Major";"Latency";"CPU utilization";">80%";"Slow apps";"Tune workload";"avg(/host/cpu,15m)>80";"ECS";"curl -sS --fail --connect-timeout 10 --max-time 30 --cacert ""$CA"" -u ""$USER:$PASS"" -H ""Accept: application/json"" -c ""$ECS_COOKIE_FILE"" -D ""$ECS_HEADERS_FILE"" ""https://$HOST:4443/login""";"Em coleta autenticada, 302 sem follow ou 401 depois de follow pode indicar token expirado: refazer /login. Não encaminhar X-SDS-AUTH-TOKEN para destino fora da allowlist. Nunca usar --location-trusted.";"curl -sS --fail --connect-timeout 10 --max-time 30 --cacert ""$CA"" -X POST -H ""X-SDS-AUTH-TOKEN: $TOKEN"" -H ""Content-Type: application/json"" --data ""$FLUX_QUERY_JSON"" ""https://$HOST:4443/flux/api/external/v2/query""";"Autenticar ao iniciar. Extrair X-SDS-AUTH-TOKEN de $ECS_HEADERS_FILE para $TOKEN (ou reutilizar $ECS_COOKIE_FILE); renovar somente quando expirar. Montar $FLUX_QUERY_JSON com bucket, measurement, field e tags confirmados na release; vários campos são contadores cumulativos. Validar a measurement cpu."
"Performance";"Major";"Latency";"Storage utilization";">85%";"Slow apps";"Tune workload";"avg(/host/latency,15m)>15";"ECS";"curl -sS --fail --connect-timeout 10 --max-time 30 --cacert ""$CA"" -u ""$USER:$PASS"" -H ""Accept: application/json"" -c ""$ECS_COOKIE_FILE"" -D ""$ECS_HEADERS_FILE"" ""https://$HOST:4443/login""";"Em coleta autenticada, 302 sem follow ou 401 depois de follow pode indicar token expirado: refazer /login. Não encaminhar X-SDS-AUTH-TOKEN para destino fora da allowlist. Nunca usar --location-trusted.";"curl -sS --fail --connect-timeout 10 --max-time 30 --cacert ""$CA"" -X POST -H ""X-SDS-AUTH-TOKEN: $TOKEN"" -H ""Content-Type: application/json"" --data ""$FLUX_QUERY_JSON"" ""https://$HOST:4443/flux/api/external/v2/query""";"Autenticar ao iniciar. Extrair X-SDS-AUTH-TOKEN de $ECS_HEADERS_FILE para $TOKEN (ou reutilizar $ECS_COOKIE_FILE); renovar somente quando expirar. Montar $FLUX_QUERY_JSON com bucket, measurement, field e tags confirmados na release; vários campos são contadores cumulativos. Validar measurement/field de disco ou transações."
"Performance";"Major";"Latency";"Network utilization";">80% link capacity";"Slow apps";"Tune workload";"avg(/host/latency,15m)>15";"ECS";"curl -sS --fail --connect-timeout 10 --max-time 30 --cacert ""$CA"" -u ""$USER:$PASS"" -H ""Accept: application/json"" -c ""$ECS_COOKIE_FILE"" -D ""$ECS_HEADERS_FILE"" ""https://$HOST:4443/login""";"Em coleta autenticada, 302 sem follow ou 401 depois de follow pode indicar token expirado: refazer /login. Não encaminhar X-SDS-AUTH-TOKEN para destino fora da allowlist. Nunca usar --location-trusted.";"curl -sS --fail --connect-timeout 10 --max-time 30 --cacert ""$CA"" -X POST -H ""X-SDS-AUTH-TOKEN: $TOKEN"" -H ""Content-Type: application/json"" --data ""$FLUX_QUERY_JSON"" ""https://$HOST:4443/flux/api/external/v2/query""";"Autenticar ao iniciar. Extrair X-SDS-AUTH-TOKEN de $ECS_HEADERS_FILE para $TOKEN (ou reutilizar $ECS_COOKIE_FILE); renovar somente quando expirar. Montar $FLUX_QUERY_JSON com bucket, measurement, field e tags confirmados na release; vários campos são contadores cumulativos. Validar a measurement net."
"Performance";"Major";"Latency";"Packet loss";">0.1%";"Slow apps";"Tune workload";"avg(/host/latency,15m)>15";"ECS";"curl -sS --fail --connect-timeout 10 --max-time 30 --cacert ""$CA"" -u ""$USER:$PASS"" -H ""Accept: application/json"" -c ""$ECS_COOKIE_FILE"" -D ""$ECS_HEADERS_FILE"" ""https://$HOST:4443/login""";"Em coleta autenticada, 302 sem follow ou 401 depois de follow pode indicar token expirado: refazer /login. Não encaminhar X-SDS-AUTH-TOKEN para destino fora da allowlist. Nunca usar --location-trusted.";"curl -sS --fail --connect-timeout 10 --max-time 30 --cacert ""$CA"" -X POST -H ""X-SDS-AUTH-TOKEN: $TOKEN"" -H ""Content-Type: application/json"" --data ""$FLUX_QUERY_JSON"" ""https://$HOST:4443/flux/api/external/v2/query""";"Autenticar ao iniciar. Extrair X-SDS-AUTH-TOKEN de $ECS_HEADERS_FILE para $TOKEN (ou reutilizar $ECS_COOKIE_FILE); renovar somente quando expirar. Montar $FLUX_QUERY_JSON com bucket, measurement, field e tags confirmados na release; vários campos são contadores cumulativos. Usar erros/descartes e total de pacotes para calcular percentual."
"Capacity";"Critical";"CPU";"Controller CPU";">95%";"Service impact";"Investigate";"avg(/host/cpu,15m)>95";"ECS";"curl -sS --fail --connect-timeout 10 --max-time 30 --cacert ""$CA"" -u ""$USER:$PASS"" -H ""Accept: application/json"" -c ""$ECS_COOKIE_FILE"" -D ""$ECS_HEADERS_FILE"" ""https://$HOST:4443/login""";"Em coleta autenticada, 302 sem follow ou 401 depois de follow pode indicar token expirado: refazer /login. Não encaminhar X-SDS-AUTH-TOKEN para destino fora da allowlist. Nunca usar --location-trusted.";"NÃO APLICÁVEL";"Autenticar ao iniciar. Extrair X-SDS-AUTH-TOKEN de $ECS_HEADERS_FILE para $TOKEN (ou reutilizar $ECS_COOKIE_FILE); renovar somente quando expirar. ECS usa CPU por nó; reutilizar CPU utilization em vez de criar item de controladora."
"Capacity";"Major";"Volume";"Volume Usage";">80%";"Growth risk";"Plan capacity";"last(/host/volume.used)>80";"ECS";"curl -sS --fail --connect-timeout 10 --max-time 30 --cacert ""$CA"" -u ""$USER:$PASS"" -H ""Accept: application/json"" -c ""$ECS_COOKIE_FILE"" -D ""$ECS_HEADERS_FILE"" ""https://$HOST:4443/login""";"Em coleta autenticada, 302 sem follow ou 401 depois de follow pode indicar token expirado: refazer /login. Não encaminhar X-SDS-AUTH-TOKEN para destino fora da allowlist. Nunca usar --location-trusted.";"curl -sS --fail --connect-timeout 10 --max-time 30 --cacert ""$CA"" -H ""X-SDS-AUTH-TOKEN: $TOKEN"" ""https://$HOST:4443/object/capacity""";"Autenticar ao iniciar. Extrair X-SDS-AUTH-TOKEN de $ECS_HEADERS_FILE para $TOKEN (ou reutilizar $ECS_COOKIE_FILE); renovar somente quando expirar. ECS não possui volume de bloco; mapear capacidade por namespace, bucket, replication group ou storage pool."
"Capacity";"Major";"Pool";"Pool Usage";">90%";"Capacity risk";"Expand pool";"last(/host/pool.used)>90";"ECS";"curl -sS --fail --connect-timeout 10 --max-time 30 --cacert ""$CA"" -u ""$USER:$PASS"" -H ""Accept: application/json"" -c ""$ECS_COOKIE_FILE"" -D ""$ECS_HEADERS_FILE"" ""https://$HOST:4443/login""";"Em coleta autenticada, 302 sem follow ou 401 depois de follow pode indicar token expirado: refazer /login. Não encaminhar X-SDS-AUTH-TOKEN para destino fora da allowlist. Nunca usar --location-trusted.";"curl -sS --fail --connect-timeout 10 --max-time 30 --cacert ""$CA"" -H ""X-SDS-AUTH-TOKEN: $TOKEN"" ""https://$HOST:4443/vdc/data-services/varrays""";"Autenticar ao iniciar. Extrair X-SDS-AUTH-TOKEN de $ECS_HEADERS_FILE para $TOKEN (ou reutilizar $ECS_COOKIE_FILE); renovar somente quando expirar. Obter $TOKEN com GET https://$HOST:4443/login usando Basic; validar o endpoint na referência da release ECS instalada."
"Capacity";"Critical";"Pool";"Pool Full";">95%";"Service impact";"Emergency expansion";"last(/host/pool.used)>95";"ECS";"curl -sS --fail --connect-timeout 10 --max-time 30 --cacert ""$CA"" -u ""$USER:$PASS"" -H ""Accept: application/json"" -c ""$ECS_COOKIE_FILE"" -D ""$ECS_HEADERS_FILE"" ""https://$HOST:4443/login""";"Em coleta autenticada, 302 sem follow ou 401 depois de follow pode indicar token expirado: refazer /login. Não encaminhar X-SDS-AUTH-TOKEN para destino fora da allowlist. Nunca usar --location-trusted.";"curl -sS --fail --connect-timeout 10 --max-time 30 --cacert ""$CA"" -H ""X-SDS-AUTH-TOKEN: $TOKEN"" ""https://$HOST:4443/object/capacity""";"Autenticar ao iniciar. Extrair X-SDS-AUTH-TOKEN de $ECS_HEADERS_FILE para $TOKEN (ou reutilizar $ECS_COOKIE_FILE); renovar somente quando expirar. Confirmar os campos total/usado/livre e a unidade antes de calcular percentual."
"Replication";"Critical";"DR";"Replication Failed";">15m";"DR unavailable";"Restore";"last(/host/repl.status)=0";"ECS";"curl -sS --fail --connect-timeout 10 --max-time 30 --cacert ""$CA"" -u ""$USER:$PASS"" -H ""Accept: application/json"" -c ""$ECS_COOKIE_FILE"" -D ""$ECS_HEADERS_FILE"" ""https://$HOST:4443/login""";"Em coleta autenticada, 302 sem follow ou 401 depois de follow pode indicar token expirado: refazer /login. Não encaminhar X-SDS-AUTH-TOKEN para destino fora da allowlist. Nunca usar --location-trusted.";"curl -sS --fail --connect-timeout 10 --max-time 30 --cacert ""$CA"" -H ""X-SDS-AUTH-TOKEN: $TOKEN"" ""https://$HOST:4443/data/data-service/vpools""";"Autenticar ao iniciar. Extrair X-SDS-AUTH-TOKEN de $ECS_HEADERS_FILE para $TOKEN (ou reutilizar $ECS_COOKIE_FILE); renovar somente quando expirar. Usar replication groups e complementar com alerts/Flux para estado operacional."
"Replication";"Major";"Lag";"Replication Lag";">1h";"Recovery risk";"Investigate";"last(/host/repl.lag)>3600";"ECS";"curl -sS --fail --connect-timeout 10 --max-time 30 --cacert ""$CA"" -u ""$USER:$PASS"" -H ""Accept: application/json"" -c ""$ECS_COOKIE_FILE"" -D ""$ECS_HEADERS_FILE"" ""https://$HOST:4443/login""";"Em coleta autenticada, 302 sem follow ou 401 depois de follow pode indicar token expirado: refazer /login. Não encaminhar X-SDS-AUTH-TOKEN para destino fora da allowlist. Nunca usar --location-trusted.";"curl -sS --fail --connect-timeout 10 --max-time 30 --cacert ""$CA"" -X POST -H ""X-SDS-AUTH-TOKEN: $TOKEN"" -H ""Content-Type: application/json"" --data ""$FLUX_QUERY_JSON"" ""https://$HOST:4443/flux/api/external/v2/query""";"Autenticar ao iniciar. Extrair X-SDS-AUTH-TOKEN de $ECS_HEADERS_FILE para $TOKEN (ou reutilizar $ECS_COOKIE_FILE); renovar somente quando expirar. Montar $FLUX_QUERY_JSON com bucket, measurement, field e tags confirmados na release; vários campos são contadores cumulativos. Validar measurement de geo-replicação e timestamps/backlog."
"Protocols";"Degraded";"NFS";"NFS Service";"down";"Access impact";"Restart service";"last(/host/nfs.status)=0";"ECS";"curl -sS --fail --connect-timeout 10 --max-time 30 --cacert ""$CA"" -u ""$USER:$PASS"" -H ""Accept: application/json"" -c ""$ECS_COOKIE_FILE"" -D ""$ECS_HEADERS_FILE"" ""https://$HOST:4443/login""";"Em coleta autenticada, 302 sem follow ou 401 depois de follow pode indicar token expirado: refazer /login. Não encaminhar X-SDS-AUTH-TOKEN para destino fora da allowlist. Nunca usar --location-trusted.";"curl -sS --fail --connect-timeout 10 --max-time 30 --cacert ""$CA"" -H ""X-SDS-AUTH-TOKEN: $TOKEN"" ""https://$HOST:4443/vdc/alerts""";"Autenticar ao iniciar. Extrair X-SDS-AUTH-TOKEN de $ECS_HEADERS_FILE para $TOKEN (ou reutilizar $ECS_COOKIE_FILE); renovar somente quando expirar. Aplicável somente quando ECS NFS estiver configurado; confirmar endpoint NFS específico da release."
"Protocols";"Degraded";"SMB";"SMB Service";"down";"Access impact";"Restart service";"last(/host/smb.status)=0";"ECS";"curl -sS --fail --connect-timeout 10 --max-time 30 --cacert ""$CA"" -u ""$USER:$PASS"" -H ""Accept: application/json"" -c ""$ECS_COOKIE_FILE"" -D ""$ECS_HEADERS_FILE"" ""https://$HOST:4443/login""";"Em coleta autenticada, 302 sem follow ou 401 depois de follow pode indicar token expirado: refazer /login. Não encaminhar X-SDS-AUTH-TOKEN para destino fora da allowlist. Nunca usar --location-trusted.";"NÃO APLICÁVEL";"Autenticar ao iniciar. Extrair X-SDS-AUTH-TOKEN de $ECS_HEADERS_FILE para $TOKEN (ou reutilizar $ECS_COOKIE_FILE); renovar somente quando expirar. ECS não oferece SMB como protocolo base; marcar não aplicável."
"Security";"Critical";"Audit";"Audit Disabled";"Any";"Compliance risk";"Enable audit";"last(/host/audit.enabled)=0";"ECS";"curl -sS --fail --connect-timeout 10 --max-time 30 --cacert ""$CA"" -u ""$USER:$PASS"" -H ""Accept: application/json"" -c ""$ECS_COOKIE_FILE"" -D ""$ECS_HEADERS_FILE"" ""https://$HOST:4443/login""";"Em coleta autenticada, 302 sem follow ou 401 depois de follow pode indicar token expirado: refazer /login. Não encaminhar X-SDS-AUTH-TOKEN para destino fora da allowlist. Nunca usar --location-trusted.";"curl -sS --fail --connect-timeout 10 --max-time 30 --cacert ""$CA"" -H ""X-SDS-AUTH-TOKEN: $TOKEN"" ""https://$HOST:4443/vdc/events""";"Autenticar ao iniciar. Extrair X-SDS-AUTH-TOKEN de $ECS_HEADERS_FILE para $TOKEN (ou reutilizar $ECS_COOKIE_FILE); renovar somente quando expirar. Eventos ajudam na auditoria; validar também configuração de audit/syslog da release."
"Security";"Critical";"Admin";"Unauthorized Admin";"Any";"Security breach";"Investigate";"change(/host/admin.count)>0";"ECS";"curl -sS --fail --connect-timeout 10 --max-time 30 --cacert ""$CA"" -u ""$USER:$PASS"" -H ""Accept: application/json"" -c ""$ECS_COOKIE_FILE"" -D ""$ECS_HEADERS_FILE"" ""https://$HOST:4443/login""";"Em coleta autenticada, 302 sem follow ou 401 depois de follow pode indicar token expirado: refazer /login. Não encaminhar X-SDS-AUTH-TOKEN para destino fora da allowlist. Nunca usar --location-trusted.";"curl -sS --fail --connect-timeout 10 --max-time 30 --cacert ""$CA"" -H ""X-SDS-AUTH-TOKEN: $TOKEN"" ""https://$HOST:4443/vdc/events""";"Autenticar ao iniciar. Extrair X-SDS-AUTH-TOKEN de $ECS_HEADERS_FILE para $TOKEN (ou reutilizar $ECS_COOKIE_FILE); renovar somente quando expirar. Filtrar eventos administrativos e correlacionar usuário/ação/resultado; contagem de admins não basta."
"Security";"Critical";"Certificate";"Certificate Expiring";"<30d";"Security risk";"Renew";"last(/host/cert.days)<30";"ECS";"curl -sS --fail --connect-timeout 10 --max-time 30 --cacert ""$CA"" -u ""$USER:$PASS"" -H ""Accept: application/json"" -c ""$ECS_COOKIE_FILE"" -D ""$ECS_HEADERS_FILE"" ""https://$HOST:4443/login""";"Em coleta autenticada, 302 sem follow ou 401 depois de follow pode indicar token expirado: refazer /login. Não encaminhar X-SDS-AUTH-TOKEN para destino fora da allowlist. Nunca usar --location-trusted.";"curl -sS -vI --connect-timeout 10 --max-time 30 --cacert ""$CA"" ""https://$HOST:4443/""";"Autenticar ao iniciar. Extrair X-SDS-AUTH-TOKEN de $ECS_HEADERS_FILE para $TOKEN (ou reutilizar $ECS_COOKIE_FILE); renovar somente quando expirar. O detalhe do certificado aparece em stderr; para cálculo de dias, preferir item web.certificate do Zabbix ou OpenSSL."
"Security";"Critical";"Ransomware";"Ransomware Pattern";"auth deletes";"Cyber risk";"Escalate";"count(/host/auth.failed,5m)>50";"ECS";"curl -sS --fail --connect-timeout 10 --max-time 30 --cacert ""$CA"" -u ""$USER:$PASS"" -H ""Accept: application/json"" -c ""$ECS_COOKIE_FILE"" -D ""$ECS_HEADERS_FILE"" ""https://$HOST:4443/login""";"Em coleta autenticada, 302 sem follow ou 401 depois de follow pode indicar token expirado: refazer /login. Não encaminhar X-SDS-AUTH-TOKEN para destino fora da allowlist. Nunca usar --location-trusted.";"curl -sS --fail --connect-timeout 10 --max-time 30 --cacert ""$CA"" -H ""X-SDS-AUTH-TOKEN: $TOKEN"" ""https://$HOST:4443/vdc/alerts""";"Autenticar ao iniciar. Extrair X-SDS-AUTH-TOKEN de $ECS_HEADERS_FILE para $TOKEN (ou reutilizar $ECS_COOKIE_FILE); renovar somente quando expirar. Não existe regra genérica confiável; usar alerta nativo ou SIEM/analytics com regra aprovada."
"Hardware";"Critical";"Cluster";"Cluster Down";">5m";"Outage";"Failover/repair";"last(/host/controller.status)=0";"PowerVault ME4/ME5";"curl -sS --fail --connect-timeout 10 --max-time 30 --cacert ""$CA"" ""https://$HOST/api/login/$HASH""";"Não encaminhar sessionKey automaticamente para outra controladora. Validar scheme HTTPS, host e porta do Location e repetir somente para endpoint allowlisted. Nunca usar --location-trusted.";"curl -sS --fail --connect-timeout 10 --max-time 30 --cacert ""$CA"" -H ""sessionKey: $SESSION_KEY"" ""https://$HOST/api/show/system""";"Autenticar ao iniciar, extrair $SESSION_KEY da resposta e reutilizá-la; renovar somente quando expirar. Obter $SESSION_KEY em /api/login/$HASH e aceitar a coleta somente se status[0].return-code for 0."
"Hardware";"Degraded (cluster)";"Controller";"Controller Down";">5m";"Outage";"Failover/repair";"last(/host/controller.status)=0";"PowerVault ME4/ME5";"curl -sS --fail --connect-timeout 10 --max-time 30 --cacert ""$CA"" ""https://$HOST/api/login/$HASH""";"Não encaminhar sessionKey automaticamente para outra controladora. Validar scheme HTTPS, host e porta do Location e repetir somente para endpoint allowlisted. Nunca usar --location-trusted.";"curl -sS --fail --connect-timeout 10 --max-time 30 --cacert ""$CA"" -H ""sessionKey: $SESSION_KEY"" ""https://$HOST/api/show/controllers""";"Autenticar ao iniciar, extrair $SESSION_KEY da resposta e reutilizá-la; renovar somente quando expirar. Obter $SESSION_KEY em /api/login/$HASH e aceitar a coleta somente se status[0].return-code for 0."
"Hardware";"Critical";"Disk";"Multiple Disk Failure";"1 failed";"Data risk";"Replace disk";"last(/host/disks.failed)>1";"PowerVault ME4/ME5";"curl -sS --fail --connect-timeout 10 --max-time 30 --cacert ""$CA"" ""https://$HOST/api/login/$HASH""";"Não encaminhar sessionKey automaticamente para outra controladora. Validar scheme HTTPS, host e porta do Location e repetir somente para endpoint allowlisted. Nunca usar --location-trusted.";"curl -sS --fail --connect-timeout 10 --max-time 30 --cacert ""$CA"" -H ""sessionKey: $SESSION_KEY"" ""https://$HOST/api/show/disks""";"Autenticar ao iniciar, extrair $SESSION_KEY da resposta e reutilizá-la; renovar somente quando expirar. Obter $SESSION_KEY em /api/login/$HASH e aceitar a coleta somente se status[0].return-code for 0."
"Hardware";"Critical";"PSU";"Power Supply Failure";"Any";"Redundancy loss";"Replace PSU";"last(/host/psu.status)=0";"PowerVault ME4/ME5";"curl -sS --fail --connect-timeout 10 --max-time 30 --cacert ""$CA"" ""https://$HOST/api/login/$HASH""";"Não encaminhar sessionKey automaticamente para outra controladora. Validar scheme HTTPS, host e porta do Location e repetir somente para endpoint allowlisted. Nunca usar --location-trusted.";"curl -sS --fail --connect-timeout 10 --max-time 30 --cacert ""$CA"" -H ""sessionKey: $SESSION_KEY"" ""https://$HOST/api/show/power-supplies""";"Autenticar ao iniciar, extrair $SESSION_KEY da resposta e reutilizá-la; renovar somente quando expirar. Obter $SESSION_KEY em /api/login/$HASH e aceitar a coleta somente se status[0].return-code for 0."
"Hardware";"Degraded";"Fan";"Fan Failure";"Any";"Cooling reduced";"Replace fan";"last(/host/fan.status)=0";"PowerVault ME4/ME5";"curl -sS --fail --connect-timeout 10 --max-time 30 --cacert ""$CA"" ""https://$HOST/api/login/$HASH""";"Não encaminhar sessionKey automaticamente para outra controladora. Validar scheme HTTPS, host e porta do Location e repetir somente para endpoint allowlisted. Nunca usar --location-trusted.";"curl -sS --fail --connect-timeout 10 --max-time 30 --cacert ""$CA"" -H ""sessionKey: $SESSION_KEY"" ""https://$HOST/api/show/fans""";"Autenticar ao iniciar, extrair $SESSION_KEY da resposta e reutilizá-la; renovar somente quando expirar. Se show fans não existir no firmware, validar show fan-modules e show sensor-status."
"Hardware";"Major";"Temperature";"High Temp";">40C";"Stress";"Check cooling";"avg(/host/temp,10m)>40";"PowerVault ME4/ME5";"curl -sS --fail --connect-timeout 10 --max-time 30 --cacert ""$CA"" ""https://$HOST/api/login/$HASH""";"Não encaminhar sessionKey automaticamente para outra controladora. Validar scheme HTTPS, host e porta do Location e repetir somente para endpoint allowlisted. Nunca usar --location-trusted.";"curl -sS --fail --connect-timeout 10 --max-time 30 --cacert ""$CA"" -H ""sessionKey: $SESSION_KEY"" ""https://$HOST/api/show/sensor-status""";"Autenticar ao iniciar, extrair $SESSION_KEY da resposta e reutilizá-la; renovar somente quando expirar. Confirmar sensor, unidade, status e limite do fabricante."
"Performance";"Major";"Latency";"SMB latency";">20 ms";"Slow apps";"Tune workload";"avg(/host/latency,15m)>15";"PowerVault ME4/ME5";"curl -sS --fail --connect-timeout 10 --max-time 30 --cacert ""$CA"" ""https://$HOST/api/login/$HASH""";"Não encaminhar sessionKey automaticamente para outra controladora. Validar scheme HTTPS, host e porta do Location e repetir somente para endpoint allowlisted. Nunca usar --location-trusted.";"NÃO APLICÁVEL";"Autenticar ao iniciar, extrair $SESSION_KEY da resposta e reutilizá-la; renovar somente quando expirar. PowerVault ME é storage de bloco e não fornece SMB diretamente."
"Performance";"Major";"Latency";"NFS latency";">20 ms";"Slow apps";"Tune workload";"avg(/host/latency,15m)>15";"PowerVault ME4/ME5";"curl -sS --fail --connect-timeout 10 --max-time 30 --cacert ""$CA"" ""https://$HOST/api/login/$HASH""";"Não encaminhar sessionKey automaticamente para outra controladora. Validar scheme HTTPS, host e porta do Location e repetir somente para endpoint allowlisted. Nunca usar --location-trusted.";"NÃO APLICÁVEL";"Autenticar ao iniciar, extrair $SESSION_KEY da resposta e reutilizá-la; renovar somente quando expirar. PowerVault ME é storage de bloco; NFS deve ser monitorado no servidor/NAS que exporta o filesystem."
"Performance";"Major";"Latency";"NFS retransmissions";">1% of calls";"Slow apps";"Tune workload";"avg(/host/latency,15m)>15";"PowerVault ME4/ME5";"curl -sS --fail --connect-timeout 10 --max-time 30 --cacert ""$CA"" ""https://$HOST/api/login/$HASH""";"Não encaminhar sessionKey automaticamente para outra controladora. Validar scheme HTTPS, host e porta do Location e repetir somente para endpoint allowlisted. Nunca usar --location-trusted.";"NÃO APLICÁVEL";"Autenticar ao iniciar, extrair $SESSION_KEY da resposta e reutilizá-la; renovar somente quando expirar. Coletar no cliente/servidor NFS, não no PowerVault ME."
"Performance";"Major";"Latency";"CPU utilization";">80%";"Slow apps";"Tune workload";"avg(/host/cpu,15m)>80";"PowerVault ME4/ME5";"curl -sS --fail --connect-timeout 10 --max-time 30 --cacert ""$CA"" ""https://$HOST/api/login/$HASH""";"Não encaminhar sessionKey automaticamente para outra controladora. Validar scheme HTTPS, host e porta do Location e repetir somente para endpoint allowlisted. Nunca usar --location-trusted.";"curl -sS --fail --connect-timeout 10 --max-time 30 --cacert ""$CA"" -H ""sessionKey: $SESSION_KEY"" ""https://$HOST/api/show/controller-statistics""";"Autenticar ao iniciar, extrair $SESSION_KEY da resposta e reutilizá-la; renovar somente quando expirar. Obter $SESSION_KEY em /api/login/$HASH e aceitar a coleta somente se status[0].return-code for 0."
"Performance";"Major";"Latency";"Storage utilization";">85%";"Slow apps";"Tune workload";"avg(/host/latency,15m)>15";"PowerVault ME4/ME5";"curl -sS --fail --connect-timeout 10 --max-time 30 --cacert ""$CA"" ""https://$HOST/api/login/$HASH""";"Não encaminhar sessionKey automaticamente para outra controladora. Validar scheme HTTPS, host e porta do Location e repetir somente para endpoint allowlisted. Nunca usar --location-trusted.";"curl -sS --fail --connect-timeout 10 --max-time 30 --cacert ""$CA"" -H ""sessionKey: $SESSION_KEY"" ""https://$HOST/api/show/pool-statistics""";"Autenticar ao iniciar, extrair $SESSION_KEY da resposta e reutilizá-la; renovar somente quando expirar. Complementar com show volume-statistics e disk-statistics conforme o escopo."
"Performance";"Major";"Latency";"Network utilization";">80% link capacity";"Slow apps";"Tune workload";"avg(/host/latency,15m)>15";"PowerVault ME4/ME5";"curl -sS --fail --connect-timeout 10 --max-time 30 --cacert ""$CA"" ""https://$HOST/api/login/$HASH""";"Não encaminhar sessionKey automaticamente para outra controladora. Validar scheme HTTPS, host e porta do Location e repetir somente para endpoint allowlisted. Nunca usar --location-trusted.";"curl -sS --fail --connect-timeout 10 --max-time 30 --cacert ""$CA"" -H ""sessionKey: $SESSION_KEY"" ""https://$HOST/api/show/host-port-statistics""";"Autenticar ao iniciar, extrair $SESSION_KEY da resposta e reutilizá-la; renovar somente quando expirar. Para SAS, validar também show host-phy-statistics; confirmar se contadores são cumulativos."
"Performance";"Major";"Latency";"Packet loss";">0.1%";"Slow apps";"Tune workload";"avg(/host/latency,15m)>15";"PowerVault ME4/ME5";"curl -sS --fail --connect-timeout 10 --max-time 30 --cacert ""$CA"" ""https://$HOST/api/login/$HASH""";"Não encaminhar sessionKey automaticamente para outra controladora. Validar scheme HTTPS, host e porta do Location e repetir somente para endpoint allowlisted. Nunca usar --location-trusted.";"curl -sS --fail --connect-timeout 10 --max-time 30 --cacert ""$CA"" -H ""sessionKey: $SESSION_KEY"" ""https://$HOST/api/show/host-port-statistics""";"Autenticar ao iniciar, extrair $SESSION_KEY da resposta e reutilizá-la; renovar somente quando expirar. Usar erros/descartes e tráfego total; para SAS, validar show host-phy-statistics."
"Capacity";"Critical";"CPU";"Controller CPU";">95%";"Service impact";"Investigate";"avg(/host/cpu,15m)>95";"PowerVault ME4/ME5";"curl -sS --fail --connect-timeout 10 --max-time 30 --cacert ""$CA"" ""https://$HOST/api/login/$HASH""";"Não encaminhar sessionKey automaticamente para outra controladora. Validar scheme HTTPS, host e porta do Location e repetir somente para endpoint allowlisted. Nunca usar --location-trusted.";"curl -sS --fail --connect-timeout 10 --max-time 30 --cacert ""$CA"" -H ""sessionKey: $SESSION_KEY"" ""https://$HOST/api/show/controller-statistics""";"Autenticar ao iniciar, extrair $SESSION_KEY da resposta e reutilizá-la; renovar somente quando expirar. Obter $SESSION_KEY em /api/login/$HASH e aceitar a coleta somente se status[0].return-code for 0."
"Capacity";"Major";"Volume";"Volume Usage";">80%";"Growth risk";"Plan capacity";"last(/host/volume.used)>80";"PowerVault ME4/ME5";"curl -sS --fail --connect-timeout 10 --max-time 30 --cacert ""$CA"" ""https://$HOST/api/login/$HASH""";"Não encaminhar sessionKey automaticamente para outra controladora. Validar scheme HTTPS, host e porta do Location e repetir somente para endpoint allowlisted. Nunca usar --location-trusted.";"curl -sS --fail --connect-timeout 10 --max-time 30 --cacert ""$CA"" -H ""sessionKey: $SESSION_KEY"" ""https://$HOST/api/show/volumes""";"Autenticar ao iniciar, extrair $SESSION_KEY da resposta e reutilizá-la; renovar somente quando expirar. Confirmar total, alocado e provisionamento thin; complementar com volume-statistics para desempenho."
"Capacity";"Major";"Pool";"Pool Usage";">90%";"Capacity risk";"Expand pool";"last(/host/pool.used)>90";"PowerVault ME4/ME5";"curl -sS --fail --connect-timeout 10 --max-time 30 --cacert ""$CA"" ""https://$HOST/api/login/$HASH""";"Não encaminhar sessionKey automaticamente para outra controladora. Validar scheme HTTPS, host e porta do Location e repetir somente para endpoint allowlisted. Nunca usar --location-trusted.";"curl -sS --fail --connect-timeout 10 --max-time 30 --cacert ""$CA"" -H ""sessionKey: $SESSION_KEY"" ""https://$HOST/api/show/pools""";"Autenticar ao iniciar, extrair $SESSION_KEY da resposta e reutilizá-la; renovar somente quando expirar. Obter $SESSION_KEY em /api/login/$HASH e aceitar a coleta somente se status[0].return-code for 0."
"Capacity";"Critical";"Pool";"Pool Full";">95%";"Service impact";"Emergency expansion";"last(/host/pool.used)>95";"PowerVault ME4/ME5";"curl -sS --fail --connect-timeout 10 --max-time 30 --cacert ""$CA"" ""https://$HOST/api/login/$HASH""";"Não encaminhar sessionKey automaticamente para outra controladora. Validar scheme HTTPS, host e porta do Location e repetir somente para endpoint allowlisted. Nunca usar --location-trusted.";"curl -sS --fail --connect-timeout 10 --max-time 30 --cacert ""$CA"" -H ""sessionKey: $SESSION_KEY"" ""https://$HOST/api/show/pools""";"Autenticar ao iniciar, extrair $SESSION_KEY da resposta e reutilizá-la; renovar somente quando expirar. Calcular percentual com grandezas da mesma base e validar oversubscription thin."
"Replication";"Critical";"DR";"Replication Failed";">15m";"DR unavailable";"Restore";"last(/host/repl.status)=0";"PowerVault ME4/ME5";"curl -sS --fail --connect-timeout 10 --max-time 30 --cacert ""$CA"" ""https://$HOST/api/login/$HASH""";"Não encaminhar sessionKey automaticamente para outra controladora. Validar scheme HTTPS, host e porta do Location e repetir somente para endpoint allowlisted. Nunca usar --location-trusted.";"curl -sS --fail --connect-timeout 10 --max-time 30 --cacert ""$CA"" -H ""sessionKey: $SESSION_KEY"" ""https://$HOST/api/show/replication-sets""";"Autenticar ao iniciar, extrair $SESSION_KEY da resposta e reutilizá-la; renovar somente quando expirar. Obter $SESSION_KEY em /api/login/$HASH e aceitar a coleta somente se status[0].return-code for 0."
"Replication";"Major";"Lag";"Replication Lag";">1h";"Recovery risk";"Investigate";"last(/host/repl.lag)>3600";"PowerVault ME4/ME5";"curl -sS --fail --connect-timeout 10 --max-time 30 --cacert ""$CA"" ""https://$HOST/api/login/$HASH""";"Não encaminhar sessionKey automaticamente para outra controladora. Validar scheme HTTPS, host e porta do Location e repetir somente para endpoint allowlisted. Nunca usar --location-trusted.";"curl -sS --fail --connect-timeout 10 --max-time 30 --cacert ""$CA"" -H ""sessionKey: $SESSION_KEY"" ""https://$HOST/api/show/replication-snapshot-history""";"Autenticar ao iniciar, extrair $SESSION_KEY da resposta e reutilizá-la; renovar somente quando expirar. Validar timestamps, último sucesso e atraso por replication set."
"Protocols";"Degraded";"NFS";"NFS Service";"down";"Access impact";"Restart service";"last(/host/nfs.status)=0";"PowerVault ME4/ME5";"curl -sS --fail --connect-timeout 10 --max-time 30 --cacert ""$CA"" ""https://$HOST/api/login/$HASH""";"Não encaminhar sessionKey automaticamente para outra controladora. Validar scheme HTTPS, host e porta do Location e repetir somente para endpoint allowlisted. Nunca usar --location-trusted.";"NÃO APLICÁVEL";"Autenticar ao iniciar, extrair $SESSION_KEY da resposta e reutilizá-la; renovar somente quando expirar. PowerVault ME não exporta NFS diretamente."
"Protocols";"Degraded";"SMB";"SMB Service";"down";"Access impact";"Restart service";"last(/host/smb.status)=0";"PowerVault ME4/ME5";"curl -sS --fail --connect-timeout 10 --max-time 30 --cacert ""$CA"" ""https://$HOST/api/login/$HASH""";"Não encaminhar sessionKey automaticamente para outra controladora. Validar scheme HTTPS, host e porta do Location e repetir somente para endpoint allowlisted. Nunca usar --location-trusted.";"NÃO APLICÁVEL";"Autenticar ao iniciar, extrair $SESSION_KEY da resposta e reutilizá-la; renovar somente quando expirar. PowerVault ME não exporta SMB diretamente."
"Security";"Critical";"Audit";"Audit Disabled";"Any";"Compliance risk";"Enable audit";"last(/host/audit.enabled)=0";"PowerVault ME4/ME5";"curl -sS --fail --connect-timeout 10 --max-time 30 --cacert ""$CA"" ""https://$HOST/api/login/$HASH""";"Não encaminhar sessionKey automaticamente para outra controladora. Validar scheme HTTPS, host e porta do Location e repetir somente para endpoint allowlisted. Nunca usar --location-trusted.";"curl -sS --fail --connect-timeout 10 --max-time 30 --cacert ""$CA"" -H ""sessionKey: $SESSION_KEY"" ""https://$HOST/api/show/syslog-parameters""";"Autenticar ao iniciar, extrair $SESSION_KEY da resposta e reutilizá-la; renovar somente quando expirar. Mostra encaminhamento de logs, não necessariamente auditoria completa; combinar com show events."
"Security";"Critical";"Admin";"Unauthorized Admin";"Any";"Security breach";"Investigate";"change(/host/admin.count)>0";"PowerVault ME4/ME5";"curl -sS --fail --connect-timeout 10 --max-time 30 --cacert ""$CA"" ""https://$HOST/api/login/$HASH""";"Não encaminhar sessionKey automaticamente para outra controladora. Validar scheme HTTPS, host e porta do Location e repetir somente para endpoint allowlisted. Nunca usar --location-trusted.";"curl -sS --fail --connect-timeout 10 --max-time 30 --cacert ""$CA"" -H ""sessionKey: $SESSION_KEY"" ""https://$HOST/api/show/sessions""";"Autenticar ao iniciar, extrair $SESSION_KEY da resposta e reutilizá-la; renovar somente quando expirar. Complementar com show users e show events; uma sessão válida não é automaticamente não autorizada."
"Security";"Critical";"Certificate";"Certificate Expiring";"<30d";"Security risk";"Renew";"last(/host/cert.days)<30";"PowerVault ME4/ME5";"curl -sS --fail --connect-timeout 10 --max-time 30 --cacert ""$CA"" ""https://$HOST/api/login/$HASH""";"Não encaminhar sessionKey automaticamente para outra controladora. Validar scheme HTTPS, host e porta do Location e repetir somente para endpoint allowlisted. Nunca usar --location-trusted.";"curl -sS --fail --connect-timeout 10 --max-time 30 --cacert ""$CA"" -H ""sessionKey: $SESSION_KEY"" ""https://$HOST/api/show/certificate""";"Autenticar ao iniciar, extrair $SESSION_KEY da resposta e reutilizá-la; renovar somente quando expirar. Obter $SESSION_KEY em /api/login/$HASH e aceitar a coleta somente se status[0].return-code for 0."
"Security";"Critical";"Ransomware";"Ransomware Pattern";"auth deletes";"Cyber risk";"Escalate";"count(/host/auth.failed,5m)>50";"PowerVault ME4/ME5";"curl -sS --fail --connect-timeout 10 --max-time 30 --cacert ""$CA"" ""https://$HOST/api/login/$HASH""";"Não encaminhar sessionKey automaticamente para outra controladora. Validar scheme HTTPS, host e porta do Location e repetir somente para endpoint allowlisted. Nunca usar --location-trusted.";"NÃO APLICÁVEL";"Autenticar ao iniciar, extrair $SESSION_KEY da resposta e reutilizá-la; renovar somente quando expirar. Array de bloco não observa operações de arquivo; detectar no host, aplicação, backup ou SIEM."
"Hardware";"Critical";"Cluster";"Cluster Down";">5m";"Outage";"Failover/repair";"last(/host/controller.status)=0";"PowerProtect Data Domain";"curl -sS --fail --connect-timeout 10 --max-time 30 --cacert ""$CA"" -X POST -H ""Content-Type: application/json"" -H ""Accept: application/json"" -D ""$DD_HEADERS_FILE"" --data ""{\""auth_info\"":{\""username\"":\""$USER\"",\""password\"":\""$PASS\""}}"" ""https://$HOST:3009/rest/v1.0/auth""";"Usar diretamente o endpoint HTTPS na porta 3009. Não seguir redirect cross-host com X-DD-AUTH-TOKEN; validar Location e repetir explicitamente. Nunca usar --location-trusted.";"curl -sS --fail --connect-timeout 10 --max-time 30 --cacert ""$CA"" -H ""X-DD-AUTH-TOKEN: $DD_TOKEN"" ""https://$HOST:3009/rest/v1.0/dd-systems/$DD_UUID""";"Autenticar ao iniciar, extrair $DD_TOKEN e $DD_UUID de $DD_HEADERS_FILE e reutilizá-los; renovar somente quando o token expirar. Autenticar antes em POST /rest/v1.0/auth; capturar X-DD-AUTH-TOKEN e X-DD-UUID. Confirmar cada resource em https://$HOST/api/ para o DDOS instalado."
"Hardware";"Degraded (cluster)";"Controller";"Controller Down";">5m";"Outage";"Failover/repair";"last(/host/controller.status)=0";"PowerProtect Data Domain";"curl -sS --fail --connect-timeout 10 --max-time 30 --cacert ""$CA"" -X POST -H ""Content-Type: application/json"" -H ""Accept: application/json"" -D ""$DD_HEADERS_FILE"" --data ""{\""auth_info\"":{\""username\"":\""$USER\"",\""password\"":\""$PASS\""}}"" ""https://$HOST:3009/rest/v1.0/auth""";"Usar diretamente o endpoint HTTPS na porta 3009. Não seguir redirect cross-host com X-DD-AUTH-TOKEN; validar Location e repetir explicitamente. Nunca usar --location-trusted.";"curl -sS --fail --connect-timeout 10 --max-time 30 --cacert ""$CA"" -H ""X-DD-AUTH-TOKEN: $DD_TOKEN"" ""https://$HOST:3009/rest/v1.0/dd-systems/$DD_UUID/$DD_RESOURCE_VALIDADO""";"Autenticar ao iniciar, extrair $DD_TOKEN e $DD_UUID de $DD_HEADERS_FILE e reutilizá-los; renovar somente quando o token expirar. Autenticar antes em POST /rest/v1.0/auth; capturar X-DD-AUTH-TOKEN e X-DD-UUID. Confirmar cada resource em https://$HOST/api/ para o DDOS instalado. Selecionar o resource de hardware/controladora publicado pela versão."
"Hardware";"Critical";"Disk";"Multiple Disk Failure";"1 failed";"Data risk";"Replace disk";"last(/host/disks.failed)>1";"PowerProtect Data Domain";"curl -sS --fail --connect-timeout 10 --max-time 30 --cacert ""$CA"" -X POST -H ""Content-Type: application/json"" -H ""Accept: application/json"" -D ""$DD_HEADERS_FILE"" --data ""{\""auth_info\"":{\""username\"":\""$USER\"",\""password\"":\""$PASS\""}}"" ""https://$HOST:3009/rest/v1.0/auth""";"Usar diretamente o endpoint HTTPS na porta 3009. Não seguir redirect cross-host com X-DD-AUTH-TOKEN; validar Location e repetir explicitamente. Nunca usar --location-trusted.";"curl -sS --fail --connect-timeout 10 --max-time 30 --cacert ""$CA"" -H ""X-DD-AUTH-TOKEN: $DD_TOKEN"" ""https://$HOST:3009/rest/v1.0/dd-systems/$DD_UUID/$DD_RESOURCE_VALIDADO""";"Autenticar ao iniciar, extrair $DD_TOKEN e $DD_UUID de $DD_HEADERS_FILE e reutilizá-los; renovar somente quando o token expirar. Autenticar antes em POST /rest/v1.0/auth; capturar X-DD-AUTH-TOKEN e X-DD-UUID. Confirmar cada resource em https://$HOST/api/ para o DDOS instalado. Selecionar o resource de hardware/discos publicado pela versão."
"Hardware";"Critical";"PSU";"Power Supply Failure";"Any";"Redundancy loss";"Replace PSU";"last(/host/psu.status)=0";"PowerProtect Data Domain";"curl -sS --fail --connect-timeout 10 --max-time 30 --cacert ""$CA"" -X POST -H ""Content-Type: application/json"" -H ""Accept: application/json"" -D ""$DD_HEADERS_FILE"" --data ""{\""auth_info\"":{\""username\"":\""$USER\"",\""password\"":\""$PASS\""}}"" ""https://$HOST:3009/rest/v1.0/auth""";"Usar diretamente o endpoint HTTPS na porta 3009. Não seguir redirect cross-host com X-DD-AUTH-TOKEN; validar Location e repetir explicitamente. Nunca usar --location-trusted.";"curl -sS --fail --connect-timeout 10 --max-time 30 --cacert ""$CA"" -H ""X-DD-AUTH-TOKEN: $DD_TOKEN"" ""https://$HOST:3009/rest/v1.0/dd-systems/$DD_UUID/$DD_RESOURCE_VALIDADO""";"Autenticar ao iniciar, extrair $DD_TOKEN e $DD_UUID de $DD_HEADERS_FILE e reutilizá-los; renovar somente quando o token expirar. Autenticar antes em POST /rest/v1.0/auth; capturar X-DD-AUTH-TOKEN e X-DD-UUID. Confirmar cada resource em https://$HOST/api/ para o DDOS instalado. Selecionar o resource de hardware/PSU publicado pela versão."
"Hardware";"Degraded";"Fan";"Fan Failure";"Any";"Cooling reduced";"Replace fan";"last(/host/fan.status)=0";"PowerProtect Data Domain";"curl -sS --fail --connect-timeout 10 --max-time 30 --cacert ""$CA"" -X POST -H ""Content-Type: application/json"" -H ""Accept: application/json"" -D ""$DD_HEADERS_FILE"" --data ""{\""auth_info\"":{\""username\"":\""$USER\"",\""password\"":\""$PASS\""}}"" ""https://$HOST:3009/rest/v1.0/auth""";"Usar diretamente o endpoint HTTPS na porta 3009. Não seguir redirect cross-host com X-DD-AUTH-TOKEN; validar Location e repetir explicitamente. Nunca usar --location-trusted.";"curl -sS --fail --connect-timeout 10 --max-time 30 --cacert ""$CA"" -H ""X-DD-AUTH-TOKEN: $DD_TOKEN"" ""https://$HOST:3009/rest/v1.0/dd-systems/$DD_UUID/$DD_RESOURCE_VALIDADO""";"Autenticar ao iniciar, extrair $DD_TOKEN e $DD_UUID de $DD_HEADERS_FILE e reutilizá-los; renovar somente quando o token expirar. Autenticar antes em POST /rest/v1.0/auth; capturar X-DD-AUTH-TOKEN e X-DD-UUID. Confirmar cada resource em https://$HOST/api/ para o DDOS instalado. Selecionar o resource de hardware/fan publicado pela versão."
"Hardware";"Major";"Temperature";"High Temp";">40C";"Stress";"Check cooling";"avg(/host/temp,10m)>40";"PowerProtect Data Domain";"curl -sS --fail --connect-timeout 10 --max-time 30 --cacert ""$CA"" -X POST -H ""Content-Type: application/json"" -H ""Accept: application/json"" -D ""$DD_HEADERS_FILE"" --data ""{\""auth_info\"":{\""username\"":\""$USER\"",\""password\"":\""$PASS\""}}"" ""https://$HOST:3009/rest/v1.0/auth""";"Usar diretamente o endpoint HTTPS na porta 3009. Não seguir redirect cross-host com X-DD-AUTH-TOKEN; validar Location e repetir explicitamente. Nunca usar --location-trusted.";"curl -sS --fail --connect-timeout 10 --max-time 30 --cacert ""$CA"" -H ""X-DD-AUTH-TOKEN: $DD_TOKEN"" ""https://$HOST:3009/rest/v1.0/dd-systems/$DD_UUID/$DD_RESOURCE_VALIDADO""";"Autenticar ao iniciar, extrair $DD_TOKEN e $DD_UUID de $DD_HEADERS_FILE e reutilizá-los; renovar somente quando o token expirar. Autenticar antes em POST /rest/v1.0/auth; capturar X-DD-AUTH-TOKEN e X-DD-UUID. Confirmar cada resource em https://$HOST/api/ para o DDOS instalado. Selecionar o resource de sensores/alerts publicado pela versão."
"Performance";"Major";"Latency";"SMB latency";">20 ms";"Slow apps";"Tune workload";"avg(/host/latency,15m)>15";"PowerProtect Data Domain";"curl -sS --fail --connect-timeout 10 --max-time 30 --cacert ""$CA"" -X POST -H ""Content-Type: application/json"" -H ""Accept: application/json"" -D ""$DD_HEADERS_FILE"" --data ""{\""auth_info\"":{\""username\"":\""$USER\"",\""password\"":\""$PASS\""}}"" ""https://$HOST:3009/rest/v1.0/auth""";"Usar diretamente o endpoint HTTPS na porta 3009. Não seguir redirect cross-host com X-DD-AUTH-TOKEN; validar Location e repetir explicitamente. Nunca usar --location-trusted.";"NÃO APLICÁVEL";"Autenticar ao iniciar, extrair $DD_TOKEN e $DD_UUID de $DD_HEADERS_FILE e reutilizá-los; renovar somente quando o token expirar. Data Domain não oferece SMB como protocolo base de ingestão; validar a arquitetura antes de aplicar."
"Performance";"Major";"Latency";"NFS latency";">20 ms";"Slow apps";"Tune workload";"avg(/host/latency,15m)>15";"PowerProtect Data Domain";"curl -sS --fail --connect-timeout 10 --max-time 30 --cacert ""$CA"" -X POST -H ""Content-Type: application/json"" -H ""Accept: application/json"" -D ""$DD_HEADERS_FILE"" --data ""{\""auth_info\"":{\""username\"":\""$USER\"",\""password\"":\""$PASS\""}}"" ""https://$HOST:3009/rest/v1.0/auth""";"Usar diretamente o endpoint HTTPS na porta 3009. Não seguir redirect cross-host com X-DD-AUTH-TOKEN; validar Location e repetir explicitamente. Nunca usar --location-trusted.";"curl -sS --fail --connect-timeout 10 --max-time 30 --cacert ""$CA"" -H ""X-DD-AUTH-TOKEN: $DD_TOKEN"" ""https://$HOST:3009/rest/v1.0/dd-systems/$DD_UUID/$DD_RESOURCE_VALIDADO""";"Autenticar ao iniciar, extrair $DD_TOKEN e $DD_UUID de $DD_HEADERS_FILE e reutilizá-los; renovar somente quando o token expirar. Autenticar antes em POST /rest/v1.0/auth; capturar X-DD-AUTH-TOKEN e X-DD-UUID. Confirmar cada resource em https://$HOST/api/ para o DDOS instalado. Selecionar stats/protocols NFS; SNMP/cliente NFS pode ser necessário."
"Performance";"Major";"Latency";"NFS retransmissions";">1% of calls";"Slow apps";"Tune workload";"avg(/host/latency,15m)>15";"PowerProtect Data Domain";"curl -sS --fail --connect-timeout 10 --max-time 30 --cacert ""$CA"" -X POST -H ""Content-Type: application/json"" -H ""Accept: application/json"" -D ""$DD_HEADERS_FILE"" --data ""{\""auth_info\"":{\""username\"":\""$USER\"",\""password\"":\""$PASS\""}}"" ""https://$HOST:3009/rest/v1.0/auth""";"Usar diretamente o endpoint HTTPS na porta 3009. Não seguir redirect cross-host com X-DD-AUTH-TOKEN; validar Location e repetir explicitamente. Nunca usar --location-trusted.";"curl -sS --fail --connect-timeout 10 --max-time 30 --cacert ""$CA"" -H ""X-DD-AUTH-TOKEN: $DD_TOKEN"" ""https://$HOST:3009/rest/v1.0/dd-systems/$DD_UUID/$DD_RESOURCE_VALIDADO""";"Autenticar ao iniciar, extrair $DD_TOKEN e $DD_UUID de $DD_HEADERS_FILE e reutilizá-los; renovar somente quando o token expirar. Autenticar antes em POST /rest/v1.0/auth; capturar X-DD-AUTH-TOKEN e X-DD-UUID. Confirmar cada resource em https://$HOST/api/ para o DDOS instalado. Validar contador e total de chamadas; preferir cliente NFS se a API não expuser."
"Performance";"Major";"Latency";"CPU utilization";">80%";"Slow apps";"Tune workload";"avg(/host/cpu,15m)>80";"PowerProtect Data Domain";"curl -sS --fail --connect-timeout 10 --max-time 30 --cacert ""$CA"" -X POST -H ""Content-Type: application/json"" -H ""Accept: application/json"" -D ""$DD_HEADERS_FILE"" --data ""{\""auth_info\"":{\""username\"":\""$USER\"",\""password\"":\""$PASS\""}}"" ""https://$HOST:3009/rest/v1.0/auth""";"Usar diretamente o endpoint HTTPS na porta 3009. Não seguir redirect cross-host com X-DD-AUTH-TOKEN; validar Location e repetir explicitamente. Nunca usar --location-trusted.";"curl -sS --fail --connect-timeout 10 --max-time 30 --cacert ""$CA"" -H ""X-DD-AUTH-TOKEN: $DD_TOKEN"" ""https://$HOST:3009/rest/v1.0/dd-systems/$DD_UUID/$DD_RESOURCE_VALIDADO""";"Autenticar ao iniciar, extrair $DD_TOKEN e $DD_UUID de $DD_HEADERS_FILE e reutilizá-los; renovar somente quando o token expirar. Autenticar antes em POST /rest/v1.0/auth; capturar X-DD-AUTH-TOKEN e X-DD-UUID. Confirmar cada resource em https://$HOST/api/ para o DDOS instalado. Selecionar o resource stats/performance da versão."
"Performance";"Major";"Latency";"Storage utilization";">85%";"Slow apps";"Tune workload";"avg(/host/latency,15m)>15";"PowerProtect Data Domain";"curl -sS --fail --connect-timeout 10 --max-time 30 --cacert ""$CA"" -X POST -H ""Content-Type: application/json"" -H ""Accept: application/json"" -D ""$DD_HEADERS_FILE"" --data ""{\""auth_info\"":{\""username\"":\""$USER\"",\""password\"":\""$PASS\""}}"" ""https://$HOST:3009/rest/v1.0/auth""";"Usar diretamente o endpoint HTTPS na porta 3009. Não seguir redirect cross-host com X-DD-AUTH-TOKEN; validar Location e repetir explicitamente. Nunca usar --location-trusted.";"curl -sS --fail --connect-timeout 10 --max-time 30 --cacert ""$CA"" -H ""X-DD-AUTH-TOKEN: $DD_TOKEN"" ""https://$HOST:3009/rest/v1.0/dd-systems/$DD_UUID/$DD_RESOURCE_VALIDADO""";"Autenticar ao iniciar, extrair $DD_TOKEN e $DD_UUID de $DD_HEADERS_FILE e reutilizá-los; renovar somente quando o token expirar. Autenticar antes em POST /rest/v1.0/auth; capturar X-DD-AUTH-TOKEN e X-DD-UUID. Confirmar cada resource em https://$HOST/api/ para o DDOS instalado. Selecionar o resource stats do filesystem/disco."
"Performance";"Major";"Latency";"Network utilization";">80% link capacity";"Slow apps";"Tune workload";"avg(/host/latency,15m)>15";"PowerProtect Data Domain";"curl -sS --fail --connect-timeout 10 --max-time 30 --cacert ""$CA"" -X POST -H ""Content-Type: application/json"" -H ""Accept: application/json"" -D ""$DD_HEADERS_FILE"" --data ""{\""auth_info\"":{\""username\"":\""$USER\"",\""password\"":\""$PASS\""}}"" ""https://$HOST:3009/rest/v1.0/auth""";"Usar diretamente o endpoint HTTPS na porta 3009. Não seguir redirect cross-host com X-DD-AUTH-TOKEN; validar Location e repetir explicitamente. Nunca usar --location-trusted.";"curl -sS --fail --connect-timeout 10 --max-time 30 --cacert ""$CA"" -H ""X-DD-AUTH-TOKEN: $DD_TOKEN"" ""https://$HOST:3009/rest/v1.0/dd-systems/$DD_UUID/$DD_RESOURCE_VALIDADO""";"Autenticar ao iniciar, extrair $DD_TOKEN e $DD_UUID de $DD_HEADERS_FILE e reutilizá-los; renovar somente quando o token expirar. Autenticar antes em POST /rest/v1.0/auth; capturar X-DD-AUTH-TOKEN e X-DD-UUID. Confirmar cada resource em https://$HOST/api/ para o DDOS instalado. Selecionar stats de interface ou usar IF-MIB."
"Performance";"Major";"Latency";"Packet loss";">0.1%";"Slow apps";"Tune workload";"avg(/host/latency,15m)>15";"PowerProtect Data Domain";"curl -sS --fail --connect-timeout 10 --max-time 30 --cacert ""$CA"" -X POST -H ""Content-Type: application/json"" -H ""Accept: application/json"" -D ""$DD_HEADERS_FILE"" --data ""{\""auth_info\"":{\""username\"":\""$USER\"",\""password\"":\""$PASS\""}}"" ""https://$HOST:3009/rest/v1.0/auth""";"Usar diretamente o endpoint HTTPS na porta 3009. Não seguir redirect cross-host com X-DD-AUTH-TOKEN; validar Location e repetir explicitamente. Nunca usar --location-trusted.";"curl -sS --fail --connect-timeout 10 --max-time 30 --cacert ""$CA"" -H ""X-DD-AUTH-TOKEN: $DD_TOKEN"" ""https://$HOST:3009/rest/v1.0/dd-systems/$DD_UUID/$DD_RESOURCE_VALIDADO""";"Autenticar ao iniciar, extrair $DD_TOKEN e $DD_UUID de $DD_HEADERS_FILE e reutilizá-los; renovar somente quando o token expirar. Autenticar antes em POST /rest/v1.0/auth; capturar X-DD-AUTH-TOKEN e X-DD-UUID. Confirmar cada resource em https://$HOST/api/ para o DDOS instalado. Selecionar erros/descartes de interface ou usar IF-MIB."
"Capacity";"Critical";"CPU";"Controller CPU";">95%";"Service impact";"Investigate";"avg(/host/cpu,15m)>95";"PowerProtect Data Domain";"curl -sS --fail --connect-timeout 10 --max-time 30 --cacert ""$CA"" -X POST -H ""Content-Type: application/json"" -H ""Accept: application/json"" -D ""$DD_HEADERS_FILE"" --data ""{\""auth_info\"":{\""username\"":\""$USER\"",\""password\"":\""$PASS\""}}"" ""https://$HOST:3009/rest/v1.0/auth""";"Usar diretamente o endpoint HTTPS na porta 3009. Não seguir redirect cross-host com X-DD-AUTH-TOKEN; validar Location e repetir explicitamente. Nunca usar --location-trusted.";"curl -sS --fail --connect-timeout 10 --max-time 30 --cacert ""$CA"" -H ""X-DD-AUTH-TOKEN: $DD_TOKEN"" ""https://$HOST:3009/rest/v1.0/dd-systems/$DD_UUID/$DD_RESOURCE_VALIDADO""";"Autenticar ao iniciar, extrair $DD_TOKEN e $DD_UUID de $DD_HEADERS_FILE e reutilizá-los; renovar somente quando o token expirar. Autenticar antes em POST /rest/v1.0/auth; capturar X-DD-AUTH-TOKEN e X-DD-UUID. Confirmar cada resource em https://$HOST/api/ para o DDOS instalado. Aplicável somente se o resource da versão expuser CPU por controladora/nó."
"Capacity";"Major";"Volume";"Volume Usage";">80%";"Growth risk";"Plan capacity";"last(/host/volume.used)>80";"PowerProtect Data Domain";"curl -sS --fail --connect-timeout 10 --max-time 30 --cacert ""$CA"" -X POST -H ""Content-Type: application/json"" -H ""Accept: application/json"" -D ""$DD_HEADERS_FILE"" --data ""{\""auth_info\"":{\""username\"":\""$USER\"",\""password\"":\""$PASS\""}}"" ""https://$HOST:3009/rest/v1.0/auth""";"Usar diretamente o endpoint HTTPS na porta 3009. Não seguir redirect cross-host com X-DD-AUTH-TOKEN; validar Location e repetir explicitamente. Nunca usar --location-trusted.";"curl -sS --fail --connect-timeout 10 --max-time 30 --cacert ""$CA"" -H ""X-DD-AUTH-TOKEN: $DD_TOKEN"" ""https://$HOST:3009/rest/v1.0/dd-systems/$DD_UUID/file-systems""";"Autenticar ao iniciar, extrair $DD_TOKEN e $DD_UUID de $DD_HEADERS_FILE e reutilizá-los; renovar somente quando o token expirar. O DD usa filesystem/MTree, não volume de bloco genérico; validar o objeto correto."
"Capacity";"Major";"Pool";"Pool Usage";">90%";"Capacity risk";"Expand pool";"last(/host/pool.used)>90";"PowerProtect Data Domain";"curl -sS --fail --connect-timeout 10 --max-time 30 --cacert ""$CA"" -X POST -H ""Content-Type: application/json"" -H ""Accept: application/json"" -D ""$DD_HEADERS_FILE"" --data ""{\""auth_info\"":{\""username\"":\""$USER\"",\""password\"":\""$PASS\""}}"" ""https://$HOST:3009/rest/v1.0/auth""";"Usar diretamente o endpoint HTTPS na porta 3009. Não seguir redirect cross-host com X-DD-AUTH-TOKEN; validar Location e repetir explicitamente. Nunca usar --location-trusted.";"curl -sS --fail --connect-timeout 10 --max-time 30 --cacert ""$CA"" -H ""X-DD-AUTH-TOKEN: $DD_TOKEN"" ""https://$HOST:3009/rest/v1.0/dd-systems/$DD_UUID/file-systems""";"Autenticar ao iniciar, extrair $DD_TOKEN e $DD_UUID de $DD_HEADERS_FILE e reutilizá-los; renovar somente quando o token expirar. Usar capacidade do filesystem/tier retornada pela versão e confirmar unidade."
"Capacity";"Critical";"Pool";"Pool Full";">95%";"Service impact";"Emergency expansion";"last(/host/pool.used)>95";"PowerProtect Data Domain";"curl -sS --fail --connect-timeout 10 --max-time 30 --cacert ""$CA"" -X POST -H ""Content-Type: application/json"" -H ""Accept: application/json"" -D ""$DD_HEADERS_FILE"" --data ""{\""auth_info\"":{\""username\"":\""$USER\"",\""password\"":\""$PASS\""}}"" ""https://$HOST:3009/rest/v1.0/auth""";"Usar diretamente o endpoint HTTPS na porta 3009. Não seguir redirect cross-host com X-DD-AUTH-TOKEN; validar Location e repetir explicitamente. Nunca usar --location-trusted.";"curl -sS --fail --connect-timeout 10 --max-time 30 --cacert ""$CA"" -H ""X-DD-AUTH-TOKEN: $DD_TOKEN"" ""https://$HOST:3009/rest/v1.0/dd-systems/$DD_UUID/file-systems""";"Autenticar ao iniciar, extrair $DD_TOKEN e $DD_UUID de $DD_HEADERS_FILE e reutilizá-los; renovar somente quando o token expirar. O retorno pode incluir warning-space-usage e critical-space-usage; confirmar na versão."
"Replication";"Critical";"DR";"Replication Failed";">15m";"DR unavailable";"Restore";"last(/host/repl.status)=0";"PowerProtect Data Domain";"curl -sS --fail --connect-timeout 10 --max-time 30 --cacert ""$CA"" -X POST -H ""Content-Type: application/json"" -H ""Accept: application/json"" -D ""$DD_HEADERS_FILE"" --data ""{\""auth_info\"":{\""username\"":\""$USER\"",\""password\"":\""$PASS\""}}"" ""https://$HOST:3009/rest/v1.0/auth""";"Usar diretamente o endpoint HTTPS na porta 3009. Não seguir redirect cross-host com X-DD-AUTH-TOKEN; validar Location e repetir explicitamente. Nunca usar --location-trusted.";"curl -sS --fail --connect-timeout 10 --max-time 30 --cacert ""$CA"" -H ""X-DD-AUTH-TOKEN: $DD_TOKEN"" ""https://$HOST:3009/rest/v1.0/dd-systems/$DD_UUID/$DD_RESOURCE_VALIDADO""";"Autenticar ao iniciar, extrair $DD_TOKEN e $DD_UUID de $DD_HEADERS_FILE e reutilizá-los; renovar somente quando o token expirar. Autenticar antes em POST /rest/v1.0/auth; capturar X-DD-AUTH-TOKEN e X-DD-UUID. Confirmar cada resource em https://$HOST/api/ para o DDOS instalado. Selecionar o resource replication publicado pelo DDOS."
"Replication";"Major";"Lag";"Replication Lag";">1h";"Recovery risk";"Investigate";"last(/host/repl.lag)>3600";"PowerProtect Data Domain";"curl -sS --fail --connect-timeout 10 --max-time 30 --cacert ""$CA"" -X POST -H ""Content-Type: application/json"" -H ""Accept: application/json"" -D ""$DD_HEADERS_FILE"" --data ""{\""auth_info\"":{\""username\"":\""$USER\"",\""password\"":\""$PASS\""}}"" ""https://$HOST:3009/rest/v1.0/auth""";"Usar diretamente o endpoint HTTPS na porta 3009. Não seguir redirect cross-host com X-DD-AUTH-TOKEN; validar Location e repetir explicitamente. Nunca usar --location-trusted.";"curl -sS --fail --connect-timeout 10 --max-time 30 --cacert ""$CA"" -H ""X-DD-AUTH-TOKEN: $DD_TOKEN"" ""https://$HOST:3009/rest/v1.0/dd-systems/$DD_UUID/$DD_RESOURCE_VALIDADO""";"Autenticar ao iniciar, extrair $DD_TOKEN e $DD_UUID de $DD_HEADERS_FILE e reutilizá-los; renovar somente quando o token expirar. Autenticar antes em POST /rest/v1.0/auth; capturar X-DD-AUTH-TOKEN e X-DD-UUID. Confirmar cada resource em https://$HOST/api/ para o DDOS instalado. Confirmar timestamps/backlog no resource replication; não inferir pelo status."
"Protocols";"Degraded";"NFS";"NFS Service";"down";"Access impact";"Restart service";"last(/host/nfs.status)=0";"PowerProtect Data Domain";"curl -sS --fail --connect-timeout 10 --max-time 30 --cacert ""$CA"" -X POST -H ""Content-Type: application/json"" -H ""Accept: application/json"" -D ""$DD_HEADERS_FILE"" --data ""{\""auth_info\"":{\""username\"":\""$USER\"",\""password\"":\""$PASS\""}}"" ""https://$HOST:3009/rest/v1.0/auth""";"Usar diretamente o endpoint HTTPS na porta 3009. Não seguir redirect cross-host com X-DD-AUTH-TOKEN; validar Location e repetir explicitamente. Nunca usar --location-trusted.";"curl -sS --fail --connect-timeout 10 --max-time 30 --cacert ""$CA"" -H ""X-DD-AUTH-TOKEN: $DD_TOKEN"" ""https://$HOST:3009/rest/v1.0/dd-systems/$DD_UUID/$DD_RESOURCE_VALIDADO""";"Autenticar ao iniciar, extrair $DD_TOKEN e $DD_UUID de $DD_HEADERS_FILE e reutilizá-los; renovar somente quando o token expirar. Autenticar antes em POST /rest/v1.0/auth; capturar X-DD-AUTH-TOKEN e X-DD-UUID. Confirmar cada resource em https://$HOST/api/ para o DDOS instalado. Selecionar o resource protocols/nfs publicado pela versão."
"Protocols";"Degraded";"SMB";"SMB Service";"down";"Access impact";"Restart service";"last(/host/smb.status)=0";"PowerProtect Data Domain";"curl -sS --fail --connect-timeout 10 --max-time 30 --cacert ""$CA"" -X POST -H ""Content-Type: application/json"" -H ""Accept: application/json"" -D ""$DD_HEADERS_FILE"" --data ""{\""auth_info\"":{\""username\"":\""$USER\"",\""password\"":\""$PASS\""}}"" ""https://$HOST:3009/rest/v1.0/auth""";"Usar diretamente o endpoint HTTPS na porta 3009. Não seguir redirect cross-host com X-DD-AUTH-TOKEN; validar Location e repetir explicitamente. Nunca usar --location-trusted.";"NÃO APLICÁVEL";"Autenticar ao iniciar, extrair $DD_TOKEN e $DD_UUID de $DD_HEADERS_FILE e reutilizá-los; renovar somente quando o token expirar. Data Domain não oferece SMB como protocolo base de ingestão; validar a arquitetura antes de aplicar."
"Security";"Critical";"Audit";"Audit Disabled";"Any";"Compliance risk";"Enable audit";"last(/host/audit.enabled)=0";"PowerProtect Data Domain";"curl -sS --fail --connect-timeout 10 --max-time 30 --cacert ""$CA"" -X POST -H ""Content-Type: application/json"" -H ""Accept: application/json"" -D ""$DD_HEADERS_FILE"" --data ""{\""auth_info\"":{\""username\"":\""$USER\"",\""password\"":\""$PASS\""}}"" ""https://$HOST:3009/rest/v1.0/auth""";"Usar diretamente o endpoint HTTPS na porta 3009. Não seguir redirect cross-host com X-DD-AUTH-TOKEN; validar Location e repetir explicitamente. Nunca usar --location-trusted.";"curl -sS --fail --connect-timeout 10 --max-time 30 --cacert ""$CA"" -H ""X-DD-AUTH-TOKEN: $DD_TOKEN"" ""https://$HOST:3009/rest/v1.0/dd-systems/$DD_UUID/$DD_RESOURCE_VALIDADO""";"Autenticar ao iniciar, extrair $DD_TOKEN e $DD_UUID de $DD_HEADERS_FILE e reutilizá-los; renovar somente quando o token expirar. Autenticar antes em POST /rest/v1.0/auth; capturar X-DD-AUTH-TOKEN e X-DD-UUID. Confirmar cada resource em https://$HOST/api/ para o DDOS instalado. Selecionar audit/logging/syslog na documentação embarcada."
"Security";"Critical";"Admin";"Unauthorized Admin";"Any";"Security breach";"Investigate";"change(/host/admin.count)>0";"PowerProtect Data Domain";"curl -sS --fail --connect-timeout 10 --max-time 30 --cacert ""$CA"" -X POST -H ""Content-Type: application/json"" -H ""Accept: application/json"" -D ""$DD_HEADERS_FILE"" --data ""{\""auth_info\"":{\""username\"":\""$USER\"",\""password\"":\""$PASS\""}}"" ""https://$HOST:3009/rest/v1.0/auth""";"Usar diretamente o endpoint HTTPS na porta 3009. Não seguir redirect cross-host com X-DD-AUTH-TOKEN; validar Location e repetir explicitamente. Nunca usar --location-trusted.";"curl -sS --fail --connect-timeout 10 --max-time 30 --cacert ""$CA"" -H ""X-DD-AUTH-TOKEN: $DD_TOKEN"" ""https://$HOST:3009/rest/v1.0/dd-systems/$DD_UUID/users""";"Autenticar ao iniciar, extrair $DD_TOKEN e $DD_UUID de $DD_HEADERS_FILE e reutilizá-los; renovar somente quando o token expirar. Este GET mostra usuários, não prova acesso não autorizado; correlacionar logs/auditoria no SIEM."
"Security";"Critical";"Certificate";"Certificate Expiring";"<30d";"Security risk";"Renew";"last(/host/cert.days)<30";"PowerProtect Data Domain";"curl -sS --fail --connect-timeout 10 --max-time 30 --cacert ""$CA"" -X POST -H ""Content-Type: application/json"" -H ""Accept: application/json"" -D ""$DD_HEADERS_FILE"" --data ""{\""auth_info\"":{\""username\"":\""$USER\"",\""password\"":\""$PASS\""}}"" ""https://$HOST:3009/rest/v1.0/auth""";"Usar diretamente o endpoint HTTPS na porta 3009. Não seguir redirect cross-host com X-DD-AUTH-TOKEN; validar Location e repetir explicitamente. Nunca usar --location-trusted.";"curl -sS -vI --connect-timeout 10 --max-time 30 --cacert ""$CA"" ""https://$HOST:3009/""";"Autenticar ao iniciar, extrair $DD_TOKEN e $DD_UUID de $DD_HEADERS_FILE e reutilizá-los; renovar somente quando o token expirar. O detalhe do certificado aparece em stderr; para cálculo de dias, preferir item web.certificate do Zabbix ou OpenSSL."
"Security";"Critical";"Ransomware";"Ransomware Pattern";"auth deletes";"Cyber risk";"Escalate";"count(/host/auth.failed,5m)>50";"PowerProtect Data Domain";"curl -sS --fail --connect-timeout 10 --max-time 30 --cacert ""$CA"" -X POST -H ""Content-Type: application/json"" -H ""Accept: application/json"" -D ""$DD_HEADERS_FILE"" --data ""{\""auth_info\"":{\""username\"":\""$USER\"",\""password\"":\""$PASS\""}}"" ""https://$HOST:3009/rest/v1.0/auth""";"Usar diretamente o endpoint HTTPS na porta 3009. Não seguir redirect cross-host com X-DD-AUTH-TOKEN; validar Location e repetir explicitamente. Nunca usar --location-trusted.";"curl -sS --fail --connect-timeout 10 --max-time 30 --cacert ""$CA"" -H ""X-DD-AUTH-TOKEN: $DD_TOKEN"" ""https://$HOST:3009/rest/v1.0/dd-systems/$DD_UUID/$DD_RESOURCE_VALIDADO""";"Autenticar ao iniciar, extrair $DD_TOKEN e $DD_UUID de $DD_HEADERS_FILE e reutilizá-los; renovar somente quando o token expirar. Usar recurso nativo/licenciado ou SIEM; alerts genéricos não comprovam ransomware."
"Hardware";"Critical";"Cluster";"Cluster Down";">5m";"Outage";"Failover/repair";"last(/host/controller.status)=0";"Avamar";"curl -sS --fail --connect-timeout 10 --max-time 30 --cacert ""$CA"" -u ""$OAUTH_CLIENT_ID:$OAUTH_CLIENT_SECRET"" -X POST -H ""Content-Type: application/x-www-form-urlencoded"" --data ""grant_type=client_credentials"" ""$OAUTH_TOKEN_URL"" ; curl -sS --fail --connect-timeout 10 --max-time 30 --cacert ""$CA"" -u ""$AVAMAR_CLIENT_ID:$AVAMAR_CLIENT_SECRET"" -X POST -H ""Content-Type: application/x-www-form-urlencoded"" --data-urlencode ""token=$OAUTH_TOKEN"" --data-urlencode ""expire_in_second=3600"" ""https://$HOST/api/client-credentials-sso""";"OAuth e API podem usar origens diferentes; manter allowlist separada. GET no mesmo origin pode usar --location --max-redirs 3 --proto-redir '=https'. Não encaminhar JWT ou client secret para outro origin. Nunca usar --location-trusted.";"curl -sS --fail --connect-timeout 10 --max-time 30 --cacert ""$CA"" -H ""Authorization: Bearer $JWT"" -H ""Accept: application/json"" ""https://$HOST/api/v1/activities/status?domain=%2F&recursive=true""";"Executar o fluxo OAuth2 somente ao iniciar/renovar, extrair $OAUTH_TOKEN e depois $JWT; reutilizar o JWT até próximo da expiração. Obter JWT pelo fluxo OAuth/client-credentials-sso e validar os GETs no Swagger do Avamar instalado. Este endpoint verifica atividades/MCS, não substitui health de hardware."
"Hardware";"Degraded (cluster)";"Controller";"Controller Down";">5m";"Outage";"Failover/repair";"last(/host/controller.status)=0";"Avamar";"curl -sS --fail --connect-timeout 10 --max-time 30 --cacert ""$CA"" -u ""$OAUTH_CLIENT_ID:$OAUTH_CLIENT_SECRET"" -X POST -H ""Content-Type: application/x-www-form-urlencoded"" --data ""grant_type=client_credentials"" ""$OAUTH_TOKEN_URL"" ; curl -sS --fail --connect-timeout 10 --max-time 30 --cacert ""$CA"" -u ""$AVAMAR_CLIENT_ID:$AVAMAR_CLIENT_SECRET"" -X POST -H ""Content-Type: application/x-www-form-urlencoded"" --data-urlencode ""token=$OAUTH_TOKEN"" --data-urlencode ""expire_in_second=3600"" ""https://$HOST/api/client-credentials-sso""";"OAuth e API podem usar origens diferentes; manter allowlist separada. GET no mesmo origin pode usar --location --max-redirs 3 --proto-redir '=https'. Não encaminhar JWT ou client secret para outro origin. Nunca usar --location-trusted.";"VALIDAR ENDPOINT NA VERSÃO INSTALADA";"Executar o fluxo OAuth2 somente ao iniciar/renovar, extrair $OAUTH_TOKEN e depois $JWT; reutilizar o JWT até próximo da expiração. Não há GET REST básico confiável para este evento; usar SNMPv3/AVAMAR-MCS-MIB ou a fonte indicada no Swagger da versão."
"Hardware";"Critical";"Disk";"Multiple Disk Failure";"1 failed";"Data risk";"Replace disk";"last(/host/disks.failed)>1";"Avamar";"curl -sS --fail --connect-timeout 10 --max-time 30 --cacert ""$CA"" -u ""$OAUTH_CLIENT_ID:$OAUTH_CLIENT_SECRET"" -X POST -H ""Content-Type: application/x-www-form-urlencoded"" --data ""grant_type=client_credentials"" ""$OAUTH_TOKEN_URL"" ; curl -sS --fail --connect-timeout 10 --max-time 30 --cacert ""$CA"" -u ""$AVAMAR_CLIENT_ID:$AVAMAR_CLIENT_SECRET"" -X POST -H ""Content-Type: application/x-www-form-urlencoded"" --data-urlencode ""token=$OAUTH_TOKEN"" --data-urlencode ""expire_in_second=3600"" ""https://$HOST/api/client-credentials-sso""";"OAuth e API podem usar origens diferentes; manter allowlist separada. GET no mesmo origin pode usar --location --max-redirs 3 --proto-redir '=https'. Não encaminhar JWT ou client secret para outro origin. Nunca usar --location-trusted.";"VALIDAR ENDPOINT NA VERSÃO INSTALADA";"Executar o fluxo OAuth2 somente ao iniciar/renovar, extrair $OAUTH_TOKEN e depois $JWT; reutilizar o JWT até próximo da expiração. Não há GET REST básico confiável para este evento; usar SNMPv3/AVAMAR-MCS-MIB ou a fonte indicada no Swagger da versão."
"Hardware";"Critical";"PSU";"Power Supply Failure";"Any";"Redundancy loss";"Replace PSU";"last(/host/psu.status)=0";"Avamar";"curl -sS --fail --connect-timeout 10 --max-time 30 --cacert ""$CA"" -u ""$OAUTH_CLIENT_ID:$OAUTH_CLIENT_SECRET"" -X POST -H ""Content-Type: application/x-www-form-urlencoded"" --data ""grant_type=client_credentials"" ""$OAUTH_TOKEN_URL"" ; curl -sS --fail --connect-timeout 10 --max-time 30 --cacert ""$CA"" -u ""$AVAMAR_CLIENT_ID:$AVAMAR_CLIENT_SECRET"" -X POST -H ""Content-Type: application/x-www-form-urlencoded"" --data-urlencode ""token=$OAUTH_TOKEN"" --data-urlencode ""expire_in_second=3600"" ""https://$HOST/api/client-credentials-sso""";"OAuth e API podem usar origens diferentes; manter allowlist separada. GET no mesmo origin pode usar --location --max-redirs 3 --proto-redir '=https'. Não encaminhar JWT ou client secret para outro origin. Nunca usar --location-trusted.";"VALIDAR ENDPOINT NA VERSÃO INSTALADA";"Executar o fluxo OAuth2 somente ao iniciar/renovar, extrair $OAUTH_TOKEN e depois $JWT; reutilizar o JWT até próximo da expiração. Não há GET REST básico confiável para este evento; usar SNMPv3/AVAMAR-MCS-MIB ou a fonte indicada no Swagger da versão."
"Hardware";"Degraded";"Fan";"Fan Failure";"Any";"Cooling reduced";"Replace fan";"last(/host/fan.status)=0";"Avamar";"curl -sS --fail --connect-timeout 10 --max-time 30 --cacert ""$CA"" -u ""$OAUTH_CLIENT_ID:$OAUTH_CLIENT_SECRET"" -X POST -H ""Content-Type: application/x-www-form-urlencoded"" --data ""grant_type=client_credentials"" ""$OAUTH_TOKEN_URL"" ; curl -sS --fail --connect-timeout 10 --max-time 30 --cacert ""$CA"" -u ""$AVAMAR_CLIENT_ID:$AVAMAR_CLIENT_SECRET"" -X POST -H ""Content-Type: application/x-www-form-urlencoded"" --data-urlencode ""token=$OAUTH_TOKEN"" --data-urlencode ""expire_in_second=3600"" ""https://$HOST/api/client-credentials-sso""";"OAuth e API podem usar origens diferentes; manter allowlist separada. GET no mesmo origin pode usar --location --max-redirs 3 --proto-redir '=https'. Não encaminhar JWT ou client secret para outro origin. Nunca usar --location-trusted.";"VALIDAR ENDPOINT NA VERSÃO INSTALADA";"Executar o fluxo OAuth2 somente ao iniciar/renovar, extrair $OAUTH_TOKEN e depois $JWT; reutilizar o JWT até próximo da expiração. Não há GET REST básico confiável para este evento; usar SNMPv3/AVAMAR-MCS-MIB ou a fonte indicada no Swagger da versão."
"Hardware";"Major";"Temperature";"High Temp";">40C";"Stress";"Check cooling";"avg(/host/temp,10m)>40";"Avamar";"curl -sS --fail --connect-timeout 10 --max-time 30 --cacert ""$CA"" -u ""$OAUTH_CLIENT_ID:$OAUTH_CLIENT_SECRET"" -X POST -H ""Content-Type: application/x-www-form-urlencoded"" --data ""grant_type=client_credentials"" ""$OAUTH_TOKEN_URL"" ; curl -sS --fail --connect-timeout 10 --max-time 30 --cacert ""$CA"" -u ""$AVAMAR_CLIENT_ID:$AVAMAR_CLIENT_SECRET"" -X POST -H ""Content-Type: application/x-www-form-urlencoded"" --data-urlencode ""token=$OAUTH_TOKEN"" --data-urlencode ""expire_in_second=3600"" ""https://$HOST/api/client-credentials-sso""";"OAuth e API podem usar origens diferentes; manter allowlist separada. GET no mesmo origin pode usar --location --max-redirs 3 --proto-redir '=https'. Não encaminhar JWT ou client secret para outro origin. Nunca usar --location-trusted.";"VALIDAR ENDPOINT NA VERSÃO INSTALADA";"Executar o fluxo OAuth2 somente ao iniciar/renovar, extrair $OAUTH_TOKEN e depois $JWT; reutilizar o JWT até próximo da expiração. Não há GET REST básico confiável para este evento; usar SNMPv3/AVAMAR-MCS-MIB ou a fonte indicada no Swagger da versão."
"Performance";"Major";"Latency";"SMB latency";">20 ms";"Slow apps";"Tune workload";"avg(/host/latency,15m)>15";"Avamar";"curl -sS --fail --connect-timeout 10 --max-time 30 --cacert ""$CA"" -u ""$OAUTH_CLIENT_ID:$OAUTH_CLIENT_SECRET"" -X POST -H ""Content-Type: application/x-www-form-urlencoded"" --data ""grant_type=client_credentials"" ""$OAUTH_TOKEN_URL"" ; curl -sS --fail --connect-timeout 10 --max-time 30 --cacert ""$CA"" -u ""$AVAMAR_CLIENT_ID:$AVAMAR_CLIENT_SECRET"" -X POST -H ""Content-Type: application/x-www-form-urlencoded"" --data-urlencode ""token=$OAUTH_TOKEN"" --data-urlencode ""expire_in_second=3600"" ""https://$HOST/api/client-credentials-sso""";"OAuth e API podem usar origens diferentes; manter allowlist separada. GET no mesmo origin pode usar --location --max-redirs 3 --proto-redir '=https'. Não encaminhar JWT ou client secret para outro origin. Nunca usar --location-trusted.";"NÃO APLICÁVEL";"Executar o fluxo OAuth2 somente ao iniciar/renovar, extrair $OAUTH_TOKEN e depois $JWT; reutilizar o JWT até próximo da expiração. Não aplicável ao Avamar como protocolo de storage base."
"Performance";"Major";"Latency";"NFS latency";">20 ms";"Slow apps";"Tune workload";"avg(/host/latency,15m)>15";"Avamar";"curl -sS --fail --connect-timeout 10 --max-time 30 --cacert ""$CA"" -u ""$OAUTH_CLIENT_ID:$OAUTH_CLIENT_SECRET"" -X POST -H ""Content-Type: application/x-www-form-urlencoded"" --data ""grant_type=client_credentials"" ""$OAUTH_TOKEN_URL"" ; curl -sS --fail --connect-timeout 10 --max-time 30 --cacert ""$CA"" -u ""$AVAMAR_CLIENT_ID:$AVAMAR_CLIENT_SECRET"" -X POST -H ""Content-Type: application/x-www-form-urlencoded"" --data-urlencode ""token=$OAUTH_TOKEN"" --data-urlencode ""expire_in_second=3600"" ""https://$HOST/api/client-credentials-sso""";"OAuth e API podem usar origens diferentes; manter allowlist separada. GET no mesmo origin pode usar --location --max-redirs 3 --proto-redir '=https'. Não encaminhar JWT ou client secret para outro origin. Nunca usar --location-trusted.";"VALIDAR ENDPOINT NA VERSÃO INSTALADA";"Executar o fluxo OAuth2 somente ao iniciar/renovar, extrair $OAUTH_TOKEN e depois $JWT; reutilizar o JWT até próximo da expiração. Coletar no cliente/servidor NFS ou endpoint documentado no Swagger, se aplicável."
"Performance";"Major";"Latency";"NFS retransmissions";">1% of calls";"Slow apps";"Tune workload";"avg(/host/latency,15m)>15";"Avamar";"curl -sS --fail --connect-timeout 10 --max-time 30 --cacert ""$CA"" -u ""$OAUTH_CLIENT_ID:$OAUTH_CLIENT_SECRET"" -X POST -H ""Content-Type: application/x-www-form-urlencoded"" --data ""grant_type=client_credentials"" ""$OAUTH_TOKEN_URL"" ; curl -sS --fail --connect-timeout 10 --max-time 30 --cacert ""$CA"" -u ""$AVAMAR_CLIENT_ID:$AVAMAR_CLIENT_SECRET"" -X POST -H ""Content-Type: application/x-www-form-urlencoded"" --data-urlencode ""token=$OAUTH_TOKEN"" --data-urlencode ""expire_in_second=3600"" ""https://$HOST/api/client-credentials-sso""";"OAuth e API podem usar origens diferentes; manter allowlist separada. GET no mesmo origin pode usar --location --max-redirs 3 --proto-redir '=https'. Não encaminhar JWT ou client secret para outro origin. Nunca usar --location-trusted.";"VALIDAR ENDPOINT NA VERSÃO INSTALADA";"Executar o fluxo OAuth2 somente ao iniciar/renovar, extrair $OAUTH_TOKEN e depois $JWT; reutilizar o JWT até próximo da expiração. Coletar no cliente NFS; Avamar REST de atividades não fornece esse indicador."
"Performance";"Major";"Latency";"CPU utilization";">80%";"Slow apps";"Tune workload";"avg(/host/cpu,15m)>80";"Avamar";"curl -sS --fail --connect-timeout 10 --max-time 30 --cacert ""$CA"" -u ""$OAUTH_CLIENT_ID:$OAUTH_CLIENT_SECRET"" -X POST -H ""Content-Type: application/x-www-form-urlencoded"" --data ""grant_type=client_credentials"" ""$OAUTH_TOKEN_URL"" ; curl -sS --fail --connect-timeout 10 --max-time 30 --cacert ""$CA"" -u ""$AVAMAR_CLIENT_ID:$AVAMAR_CLIENT_SECRET"" -X POST -H ""Content-Type: application/x-www-form-urlencoded"" --data-urlencode ""token=$OAUTH_TOKEN"" --data-urlencode ""expire_in_second=3600"" ""https://$HOST/api/client-credentials-sso""";"OAuth e API podem usar origens diferentes; manter allowlist separada. GET no mesmo origin pode usar --location --max-redirs 3 --proto-redir '=https'. Não encaminhar JWT ou client secret para outro origin. Nunca usar --location-trusted.";"VALIDAR ENDPOINT NA VERSÃO INSTALADA";"Executar o fluxo OAuth2 somente ao iniciar/renovar, extrair $OAUTH_TOKEN e depois $JWT; reutilizar o JWT até próximo da expiração. Não há GET REST básico confiável para este evento; usar SNMPv3/AVAMAR-MCS-MIB ou a fonte indicada no Swagger da versão."
"Performance";"Major";"Latency";"Storage utilization";">85%";"Slow apps";"Tune workload";"avg(/host/latency,15m)>15";"Avamar";"curl -sS --fail --connect-timeout 10 --max-time 30 --cacert ""$CA"" -u ""$OAUTH_CLIENT_ID:$OAUTH_CLIENT_SECRET"" -X POST -H ""Content-Type: application/x-www-form-urlencoded"" --data ""grant_type=client_credentials"" ""$OAUTH_TOKEN_URL"" ; curl -sS --fail --connect-timeout 10 --max-time 30 --cacert ""$CA"" -u ""$AVAMAR_CLIENT_ID:$AVAMAR_CLIENT_SECRET"" -X POST -H ""Content-Type: application/x-www-form-urlencoded"" --data-urlencode ""token=$OAUTH_TOKEN"" --data-urlencode ""expire_in_second=3600"" ""https://$HOST/api/client-credentials-sso""";"OAuth e API podem usar origens diferentes; manter allowlist separada. GET no mesmo origin pode usar --location --max-redirs 3 --proto-redir '=https'. Não encaminhar JWT ou client secret para outro origin. Nunca usar --location-trusted.";"VALIDAR ENDPOINT NA VERSÃO INSTALADA";"Executar o fluxo OAuth2 somente ao iniciar/renovar, extrair $OAUTH_TOKEN e depois $JWT; reutilizar o JWT até próximo da expiração. Validar endpoint de capacidade no Swagger ou usar SNMPv3/relatórios do Avamar."
"Performance";"Major";"Latency";"Network utilization";">80% link capacity";"Slow apps";"Tune workload";"avg(/host/latency,15m)>15";"Avamar";"curl -sS --fail --connect-timeout 10 --max-time 30 --cacert ""$CA"" -u ""$OAUTH_CLIENT_ID:$OAUTH_CLIENT_SECRET"" -X POST -H ""Content-Type: application/x-www-form-urlencoded"" --data ""grant_type=client_credentials"" ""$OAUTH_TOKEN_URL"" ; curl -sS --fail --connect-timeout 10 --max-time 30 --cacert ""$CA"" -u ""$AVAMAR_CLIENT_ID:$AVAMAR_CLIENT_SECRET"" -X POST -H ""Content-Type: application/x-www-form-urlencoded"" --data-urlencode ""token=$OAUTH_TOKEN"" --data-urlencode ""expire_in_second=3600"" ""https://$HOST/api/client-credentials-sso""";"OAuth e API podem usar origens diferentes; manter allowlist separada. GET no mesmo origin pode usar --location --max-redirs 3 --proto-redir '=https'. Não encaminhar JWT ou client secret para outro origin. Nunca usar --location-trusted.";"VALIDAR ENDPOINT NA VERSÃO INSTALADA";"Executar o fluxo OAuth2 somente ao iniciar/renovar, extrair $OAUTH_TOKEN e depois $JWT; reutilizar o JWT até próximo da expiração. Usar SNMPv3/IF-MIB ou telemetria do sistema; validar REST se exposto."
"Performance";"Major";"Latency";"Packet loss";">0.1%";"Slow apps";"Tune workload";"avg(/host/latency,15m)>15";"Avamar";"curl -sS --fail --connect-timeout 10 --max-time 30 --cacert ""$CA"" -u ""$OAUTH_CLIENT_ID:$OAUTH_CLIENT_SECRET"" -X POST -H ""Content-Type: application/x-www-form-urlencoded"" --data ""grant_type=client_credentials"" ""$OAUTH_TOKEN_URL"" ; curl -sS --fail --connect-timeout 10 --max-time 30 --cacert ""$CA"" -u ""$AVAMAR_CLIENT_ID:$AVAMAR_CLIENT_SECRET"" -X POST -H ""Content-Type: application/x-www-form-urlencoded"" --data-urlencode ""token=$OAUTH_TOKEN"" --data-urlencode ""expire_in_second=3600"" ""https://$HOST/api/client-credentials-sso""";"OAuth e API podem usar origens diferentes; manter allowlist separada. GET no mesmo origin pode usar --location --max-redirs 3 --proto-redir '=https'. Não encaminhar JWT ou client secret para outro origin. Nunca usar --location-trusted.";"VALIDAR ENDPOINT NA VERSÃO INSTALADA";"Executar o fluxo OAuth2 somente ao iniciar/renovar, extrair $OAUTH_TOKEN e depois $JWT; reutilizar o JWT até próximo da expiração. Usar SNMPv3/IF-MIB ou telemetria do sistema; validar REST se exposto."
"Capacity";"Critical";"CPU";"Controller CPU";">95%";"Service impact";"Investigate";"avg(/host/cpu,15m)>95";"Avamar";"curl -sS --fail --connect-timeout 10 --max-time 30 --cacert ""$CA"" -u ""$OAUTH_CLIENT_ID:$OAUTH_CLIENT_SECRET"" -X POST -H ""Content-Type: application/x-www-form-urlencoded"" --data ""grant_type=client_credentials"" ""$OAUTH_TOKEN_URL"" ; curl -sS --fail --connect-timeout 10 --max-time 30 --cacert ""$CA"" -u ""$AVAMAR_CLIENT_ID:$AVAMAR_CLIENT_SECRET"" -X POST -H ""Content-Type: application/x-www-form-urlencoded"" --data-urlencode ""token=$OAUTH_TOKEN"" --data-urlencode ""expire_in_second=3600"" ""https://$HOST/api/client-credentials-sso""";"OAuth e API podem usar origens diferentes; manter allowlist separada. GET no mesmo origin pode usar --location --max-redirs 3 --proto-redir '=https'. Não encaminhar JWT ou client secret para outro origin. Nunca usar --location-trusted.";"NÃO APLICÁVEL";"Executar o fluxo OAuth2 somente ao iniciar/renovar, extrair $OAUTH_TOKEN e depois $JWT; reutilizar o JWT até próximo da expiração. Avamar não possui controladora de storage equivalente; usar CPU do nó quando aplicável."
"Capacity";"Major";"Volume";"Volume Usage";">80%";"Growth risk";"Plan capacity";"last(/host/volume.used)>80";"Avamar";"curl -sS --fail --connect-timeout 10 --max-time 30 --cacert ""$CA"" -u ""$OAUTH_CLIENT_ID:$OAUTH_CLIENT_SECRET"" -X POST -H ""Content-Type: application/x-www-form-urlencoded"" --data ""grant_type=client_credentials"" ""$OAUTH_TOKEN_URL"" ; curl -sS --fail --connect-timeout 10 --max-time 30 --cacert ""$CA"" -u ""$AVAMAR_CLIENT_ID:$AVAMAR_CLIENT_SECRET"" -X POST -H ""Content-Type: application/x-www-form-urlencoded"" --data-urlencode ""token=$OAUTH_TOKEN"" --data-urlencode ""expire_in_second=3600"" ""https://$HOST/api/client-credentials-sso""";"OAuth e API podem usar origens diferentes; manter allowlist separada. GET no mesmo origin pode usar --location --max-redirs 3 --proto-redir '=https'. Não encaminhar JWT ou client secret para outro origin. Nunca usar --location-trusted.";"VALIDAR ENDPOINT NA VERSÃO INSTALADA";"Executar o fluxo OAuth2 somente ao iniciar/renovar, extrair $OAUTH_TOKEN e depois $JWT; reutilizar o JWT até próximo da expiração. Validar capacidade por grid/domain/Data Domain no Swagger; não assumir volume de bloco."
"Capacity";"Major";"Pool";"Pool Usage";">90%";"Capacity risk";"Expand pool";"last(/host/pool.used)>90";"Avamar";"curl -sS --fail --connect-timeout 10 --max-time 30 --cacert ""$CA"" -u ""$OAUTH_CLIENT_ID:$OAUTH_CLIENT_SECRET"" -X POST -H ""Content-Type: application/x-www-form-urlencoded"" --data ""grant_type=client_credentials"" ""$OAUTH_TOKEN_URL"" ; curl -sS --fail --connect-timeout 10 --max-time 30 --cacert ""$CA"" -u ""$AVAMAR_CLIENT_ID:$AVAMAR_CLIENT_SECRET"" -X POST -H ""Content-Type: application/x-www-form-urlencoded"" --data-urlencode ""token=$OAUTH_TOKEN"" --data-urlencode ""expire_in_second=3600"" ""https://$HOST/api/client-credentials-sso""";"OAuth e API podem usar origens diferentes; manter allowlist separada. GET no mesmo origin pode usar --location --max-redirs 3 --proto-redir '=https'. Não encaminhar JWT ou client secret para outro origin. Nunca usar --location-trusted.";"VALIDAR ENDPOINT NA VERSÃO INSTALADA";"Executar o fluxo OAuth2 somente ao iniciar/renovar, extrair $OAUTH_TOKEN e depois $JWT; reutilizar o JWT até próximo da expiração. Validar capacidade por grid/domain/Data Domain no Swagger; não assumir pool genérico."
"Capacity";"Critical";"Pool";"Pool Full";">95%";"Service impact";"Emergency expansion";"last(/host/pool.used)>95";"Avamar";"curl -sS --fail --connect-timeout 10 --max-time 30 --cacert ""$CA"" -u ""$OAUTH_CLIENT_ID:$OAUTH_CLIENT_SECRET"" -X POST -H ""Content-Type: application/x-www-form-urlencoded"" --data ""grant_type=client_credentials"" ""$OAUTH_TOKEN_URL"" ; curl -sS --fail --connect-timeout 10 --max-time 30 --cacert ""$CA"" -u ""$AVAMAR_CLIENT_ID:$AVAMAR_CLIENT_SECRET"" -X POST -H ""Content-Type: application/x-www-form-urlencoded"" --data-urlencode ""token=$OAUTH_TOKEN"" --data-urlencode ""expire_in_second=3600"" ""https://$HOST/api/client-credentials-sso""";"OAuth e API podem usar origens diferentes; manter allowlist separada. GET no mesmo origin pode usar --location --max-redirs 3 --proto-redir '=https'. Não encaminhar JWT ou client secret para outro origin. Nunca usar --location-trusted.";"VALIDAR ENDPOINT NA VERSÃO INSTALADA";"Executar o fluxo OAuth2 somente ao iniciar/renovar, extrair $OAUTH_TOKEN e depois $JWT; reutilizar o JWT até próximo da expiração. Validar capacidade por grid/domain/Data Domain no Swagger; confirmar unidade e threshold."
"Replication";"Critical";"DR";"Replication Failed";">15m";"DR unavailable";"Restore";"last(/host/repl.status)=0";"Avamar";"curl -sS --fail --connect-timeout 10 --max-time 30 --cacert ""$CA"" -u ""$OAUTH_CLIENT_ID:$OAUTH_CLIENT_SECRET"" -X POST -H ""Content-Type: application/x-www-form-urlencoded"" --data ""grant_type=client_credentials"" ""$OAUTH_TOKEN_URL"" ; curl -sS --fail --connect-timeout 10 --max-time 30 --cacert ""$CA"" -u ""$AVAMAR_CLIENT_ID:$AVAMAR_CLIENT_SECRET"" -X POST -H ""Content-Type: application/x-www-form-urlencoded"" --data-urlencode ""token=$OAUTH_TOKEN"" --data-urlencode ""expire_in_second=3600"" ""https://$HOST/api/client-credentials-sso""";"OAuth e API podem usar origens diferentes; manter allowlist separada. GET no mesmo origin pode usar --location --max-redirs 3 --proto-redir '=https'. Não encaminhar JWT ou client secret para outro origin. Nunca usar --location-trusted.";"curl -sS --fail --connect-timeout 10 --max-time 30 --cacert ""$CA"" -H ""Authorization: Bearer $JWT"" -H ""Accept: application/json"" ""https://$HOST/api/v1/activities?domain=%2F&duration=0&recursive=true""";"Executar o fluxo OAuth2 somente ao iniciar/renovar, extrair $OAUTH_TOKEN e depois $JWT; reutilizar o JWT até próximo da expiração. Obter JWT pelo fluxo OAuth/client-credentials-sso e validar os GETs no Swagger do Avamar instalado. Filtrar atividades de replicação e estados críticos/falhos."
"Replication";"Major";"Lag";"Replication Lag";">1h";"Recovery risk";"Investigate";"last(/host/repl.lag)>3600";"Avamar";"curl -sS --fail --connect-timeout 10 --max-time 30 --cacert ""$CA"" -u ""$OAUTH_CLIENT_ID:$OAUTH_CLIENT_SECRET"" -X POST -H ""Content-Type: application/x-www-form-urlencoded"" --data ""grant_type=client_credentials"" ""$OAUTH_TOKEN_URL"" ; curl -sS --fail --connect-timeout 10 --max-time 30 --cacert ""$CA"" -u ""$AVAMAR_CLIENT_ID:$AVAMAR_CLIENT_SECRET"" -X POST -H ""Content-Type: application/x-www-form-urlencoded"" --data-urlencode ""token=$OAUTH_TOKEN"" --data-urlencode ""expire_in_second=3600"" ""https://$HOST/api/client-credentials-sso""";"OAuth e API podem usar origens diferentes; manter allowlist separada. GET no mesmo origin pode usar --location --max-redirs 3 --proto-redir '=https'. Não encaminhar JWT ou client secret para outro origin. Nunca usar --location-trusted.";"curl -sS --fail --connect-timeout 10 --max-time 30 --cacert ""$CA"" -H ""Authorization: Bearer $JWT"" -H ""Accept: application/json"" ""https://$HOST/api/v1/activities?domain=%2F&duration=0&recursive=true""";"Executar o fluxo OAuth2 somente ao iniciar/renovar, extrair $OAUTH_TOKEN e depois $JWT; reutilizar o JWT até próximo da expiração. Obter JWT pelo fluxo OAuth/client-credentials-sso e validar os GETs no Swagger do Avamar instalado. Validar timestamps e duração disponíveis; a API de atividades pode não fornecer lag diretamente."
"Protocols";"Degraded";"NFS";"NFS Service";"down";"Access impact";"Restart service";"last(/host/nfs.status)=0";"Avamar";"curl -sS --fail --connect-timeout 10 --max-time 30 --cacert ""$CA"" -u ""$OAUTH_CLIENT_ID:$OAUTH_CLIENT_SECRET"" -X POST -H ""Content-Type: application/x-www-form-urlencoded"" --data ""grant_type=client_credentials"" ""$OAUTH_TOKEN_URL"" ; curl -sS --fail --connect-timeout 10 --max-time 30 --cacert ""$CA"" -u ""$AVAMAR_CLIENT_ID:$AVAMAR_CLIENT_SECRET"" -X POST -H ""Content-Type: application/x-www-form-urlencoded"" --data-urlencode ""token=$OAUTH_TOKEN"" --data-urlencode ""expire_in_second=3600"" ""https://$HOST/api/client-credentials-sso""";"OAuth e API podem usar origens diferentes; manter allowlist separada. GET no mesmo origin pode usar --location --max-redirs 3 --proto-redir '=https'. Não encaminhar JWT ou client secret para outro origin. Nunca usar --location-trusted.";"NÃO APLICÁVEL";"Executar o fluxo OAuth2 somente ao iniciar/renovar, extrair $OAUTH_TOKEN e depois $JWT; reutilizar o JWT até próximo da expiração. Avamar não é o servidor NFS do workload; monitorar o serviço no componente que o fornece."
"Protocols";"Degraded";"SMB";"SMB Service";"down";"Access impact";"Restart service";"last(/host/smb.status)=0";"Avamar";"curl -sS --fail --connect-timeout 10 --max-time 30 --cacert ""$CA"" -u ""$OAUTH_CLIENT_ID:$OAUTH_CLIENT_SECRET"" -X POST -H ""Content-Type: application/x-www-form-urlencoded"" --data ""grant_type=client_credentials"" ""$OAUTH_TOKEN_URL"" ; curl -sS --fail --connect-timeout 10 --max-time 30 --cacert ""$CA"" -u ""$AVAMAR_CLIENT_ID:$AVAMAR_CLIENT_SECRET"" -X POST -H ""Content-Type: application/x-www-form-urlencoded"" --data-urlencode ""token=$OAUTH_TOKEN"" --data-urlencode ""expire_in_second=3600"" ""https://$HOST/api/client-credentials-sso""";"OAuth e API podem usar origens diferentes; manter allowlist separada. GET no mesmo origin pode usar --location --max-redirs 3 --proto-redir '=https'. Não encaminhar JWT ou client secret para outro origin. Nunca usar --location-trusted.";"NÃO APLICÁVEL";"Executar o fluxo OAuth2 somente ao iniciar/renovar, extrair $OAUTH_TOKEN e depois $JWT; reutilizar o JWT até próximo da expiração. Avamar não é o servidor SMB do workload; monitorar o serviço no componente que o fornece."
"Security";"Critical";"Audit";"Audit Disabled";"Any";"Compliance risk";"Enable audit";"last(/host/audit.enabled)=0";"Avamar";"curl -sS --fail --connect-timeout 10 --max-time 30 --cacert ""$CA"" -u ""$OAUTH_CLIENT_ID:$OAUTH_CLIENT_SECRET"" -X POST -H ""Content-Type: application/x-www-form-urlencoded"" --data ""grant_type=client_credentials"" ""$OAUTH_TOKEN_URL"" ; curl -sS --fail --connect-timeout 10 --max-time 30 --cacert ""$CA"" -u ""$AVAMAR_CLIENT_ID:$AVAMAR_CLIENT_SECRET"" -X POST -H ""Content-Type: application/x-www-form-urlencoded"" --data-urlencode ""token=$OAUTH_TOKEN"" --data-urlencode ""expire_in_second=3600"" ""https://$HOST/api/client-credentials-sso""";"OAuth e API podem usar origens diferentes; manter allowlist separada. GET no mesmo origin pode usar --location --max-redirs 3 --proto-redir '=https'. Não encaminhar JWT ou client secret para outro origin. Nunca usar --location-trusted.";"VALIDAR ENDPOINT NA VERSÃO INSTALADA";"Executar o fluxo OAuth2 somente ao iniciar/renovar, extrair $OAUTH_TOKEN e depois $JWT; reutilizar o JWT até próximo da expiração. Obter JWT pelo fluxo OAuth/client-credentials-sso e validar os GETs no Swagger do Avamar instalado. Selecionar endpoint de auditoria/configuração ou usar syslog/SIEM."
"Security";"Critical";"Admin";"Unauthorized Admin";"Any";"Security breach";"Investigate";"change(/host/admin.count)>0";"Avamar";"curl -sS --fail --connect-timeout 10 --max-time 30 --cacert ""$CA"" -u ""$OAUTH_CLIENT_ID:$OAUTH_CLIENT_SECRET"" -X POST -H ""Content-Type: application/x-www-form-urlencoded"" --data ""grant_type=client_credentials"" ""$OAUTH_TOKEN_URL"" ; curl -sS --fail --connect-timeout 10 --max-time 30 --cacert ""$CA"" -u ""$AVAMAR_CLIENT_ID:$AVAMAR_CLIENT_SECRET"" -X POST -H ""Content-Type: application/x-www-form-urlencoded"" --data-urlencode ""token=$OAUTH_TOKEN"" --data-urlencode ""expire_in_second=3600"" ""https://$HOST/api/client-credentials-sso""";"OAuth e API podem usar origens diferentes; manter allowlist separada. GET no mesmo origin pode usar --location --max-redirs 3 --proto-redir '=https'. Não encaminhar JWT ou client secret para outro origin. Nunca usar --location-trusted.";"VALIDAR ENDPOINT NA VERSÃO INSTALADA";"Executar o fluxo OAuth2 somente ao iniciar/renovar, extrair $OAUTH_TOKEN e depois $JWT; reutilizar o JWT até próximo da expiração. Obter JWT pelo fluxo OAuth/client-credentials-sso e validar os GETs no Swagger do Avamar instalado. Selecionar endpoint/log de auditoria; inventário de usuários não comprova acesso indevido."
"Security";"Critical";"Certificate";"Certificate Expiring";"<30d";"Security risk";"Renew";"last(/host/cert.days)<30";"Avamar";"curl -sS --fail --connect-timeout 10 --max-time 30 --cacert ""$CA"" -u ""$OAUTH_CLIENT_ID:$OAUTH_CLIENT_SECRET"" -X POST -H ""Content-Type: application/x-www-form-urlencoded"" --data ""grant_type=client_credentials"" ""$OAUTH_TOKEN_URL"" ; curl -sS --fail --connect-timeout 10 --max-time 30 --cacert ""$CA"" -u ""$AVAMAR_CLIENT_ID:$AVAMAR_CLIENT_SECRET"" -X POST -H ""Content-Type: application/x-www-form-urlencoded"" --data-urlencode ""token=$OAUTH_TOKEN"" --data-urlencode ""expire_in_second=3600"" ""https://$HOST/api/client-credentials-sso""";"OAuth e API podem usar origens diferentes; manter allowlist separada. GET no mesmo origin pode usar --location --max-redirs 3 --proto-redir '=https'. Não encaminhar JWT ou client secret para outro origin. Nunca usar --location-trusted.";"curl -sS -vI --connect-timeout 10 --max-time 30 --cacert ""$CA"" ""https://$HOST:443/""";"Executar o fluxo OAuth2 somente ao iniciar/renovar, extrair $OAUTH_TOKEN e depois $JWT; reutilizar o JWT até próximo da expiração. O detalhe do certificado aparece em stderr; para cálculo de dias, preferir item web.certificate do Zabbix ou OpenSSL."
"Security";"Critical";"Ransomware";"Ransomware Pattern";"auth deletes";"Cyber risk";"Escalate";"count(/host/auth.failed,5m)>50";"Avamar";"curl -sS --fail --connect-timeout 10 --max-time 30 --cacert ""$CA"" -u ""$OAUTH_CLIENT_ID:$OAUTH_CLIENT_SECRET"" -X POST -H ""Content-Type: application/x-www-form-urlencoded"" --data ""grant_type=client_credentials"" ""$OAUTH_TOKEN_URL"" ; curl -sS --fail --connect-timeout 10 --max-time 30 --cacert ""$CA"" -u ""$AVAMAR_CLIENT_ID:$AVAMAR_CLIENT_SECRET"" -X POST -H ""Content-Type: application/x-www-form-urlencoded"" --data-urlencode ""token=$OAUTH_TOKEN"" --data-urlencode ""expire_in_second=3600"" ""https://$HOST/api/client-credentials-sso""";"OAuth e API podem usar origens diferentes; manter allowlist separada. GET no mesmo origin pode usar --location --max-redirs 3 --proto-redir '=https'. Não encaminhar JWT ou client secret para outro origin. Nunca usar --location-trusted.";"VALIDAR ENDPOINT NA VERSÃO INSTALADA";"Executar o fluxo OAuth2 somente ao iniciar/renovar, extrair $OAUTH_TOKEN e depois $JWT; reutilizar o JWT até próximo da expiração. Não existe GET genérico confiável; usar detecção nativa, eventos de backup e SIEM/analytics."
